i,j,x
6,2,TRUE
1184,3,TRUE
2354,3,TRUE
3627,3,TRUE
340,4,TRUE
651,4,TRUE
768,4,TRUE
2647,4,TRUE
3417,4,TRUE
2603,5,TRUE
2815,5,TRUE
2,6,TRUE
413,9,TRUE
3012,10,TRUE
558,12,TRUE
804,12,TRUE
124,13,TRUE
142,13,TRUE
1830,13,TRUE
1354,14,TRUE
1882,14,TRUE
2172,14,TRUE
3283,14,TRUE
851,15,TRUE
1015,15,TRUE
1016,15,TRUE
1133,15,TRUE
2119,15,TRUE
3306,15,TRUE
1561,17,TRUE
1673,17,TRUE
1674,17,TRUE
1817,17,TRUE
1818,17,TRUE
743,20,TRUE
1161,20,TRUE
147,21,TRUE
165,21,TRUE
1494,21,TRUE
1723,21,TRUE
3732,22,TRUE
999,24,TRUE
2824,24,TRUE
43,25,TRUE
3336,25,TRUE
1345,26,TRUE
1082,27,TRUE
1016,29,TRUE
1298,29,TRUE
1433,29,TRUE
2317,29,TRUE
2402,29,TRUE
1163,30,TRUE
1538,30,TRUE
2184,30,TRUE
169,31,TRUE
216,31,TRUE
1709,33,TRUE
1710,33,TRUE
2027,35,TRUE
1464,36,TRUE
252,37,TRUE
384,37,TRUE
759,37,TRUE
1984,37,TRUE
3219,37,TRUE
1964,39,TRUE
971,41,TRUE
1524,41,TRUE
2102,41,TRUE
2281,41,TRUE
3198,41,TRUE
25,43,TRUE
162,43,TRUE
164,43,TRUE
516,43,TRUE
551,43,TRUE
896,43,TRUE
1063,43,TRUE
1064,43,TRUE
1844,43,TRUE
1889,43,TRUE
2376,43,TRUE
2557,43,TRUE
3336,43,TRUE
3594,43,TRUE
1013,44,TRUE
1057,44,TRUE
1058,44,TRUE
1370,46,TRUE
1836,46,TRUE
2536,46,TRUE
3360,47,TRUE
166,48,TRUE
543,48,TRUE
546,48,TRUE
547,48,TRUE
1655,48,TRUE
1879,48,TRUE
2408,48,TRUE
1524,49,TRUE
2259,49,TRUE
2747,49,TRUE
3160,49,TRUE
56,50,TRUE
1492,50,TRUE
205,51,TRUE
1472,51,TRUE
442,53,TRUE
701,53,TRUE
931,53,TRUE
1325,53,TRUE
3384,53,TRUE
3385,53,TRUE
603,54,TRUE
2972,54,TRUE
50,56,TRUE
1390,56,TRUE
1492,56,TRUE
2215,56,TRUE
3655,56,TRUE
4013,56,TRUE
831,57,TRUE
2975,58,TRUE
3081,58,TRUE
3480,58,TRUE
528,61,TRUE
1906,61,TRUE
1910,61,TRUE
2203,61,TRUE
63,62,TRUE
62,63,TRUE
1016,64,TRUE
1571,64,TRUE
1572,64,TRUE
165,65,TRUE
1208,65,TRUE
1494,65,TRUE
1536,65,TRUE
2190,65,TRUE
2191,65,TRUE
2274,65,TRUE
2323,65,TRUE
2354,65,TRUE
2785,65,TRUE
1628,67,TRUE
2609,67,TRUE
480,69,TRUE
653,69,TRUE
1096,69,TRUE
233,71,TRUE
325,71,TRUE
1511,71,TRUE
1673,71,TRUE
3100,71,TRUE
374,72,TRUE
574,72,TRUE
2099,72,TRUE
74,73,TRUE
210,73,TRUE
319,73,TRUE
681,73,TRUE
73,74,TRUE
76,74,TRUE
92,74,TRUE
319,74,TRUE
403,74,TRUE
681,74,TRUE
325,75,TRUE
855,75,TRUE
1133,75,TRUE
74,76,TRUE
210,76,TRUE
319,76,TRUE
1106,76,TRUE
345,77,TRUE
398,77,TRUE
678,77,TRUE
734,77,TRUE
962,77,TRUE
2301,78,TRUE
3566,78,TRUE
1132,79,TRUE
3348,79,TRUE
481,80,TRUE
659,80,TRUE
818,80,TRUE
87,81,TRUE
88,81,TRUE
565,81,TRUE
714,81,TRUE
175,82,TRUE
176,82,TRUE
851,84,TRUE
978,85,TRUE
2407,85,TRUE
1034,86,TRUE
81,87,TRUE
88,87,TRUE
565,87,TRUE
858,87,TRUE
81,88,TRUE
87,88,TRUE
325,88,TRUE
565,88,TRUE
855,88,TRUE
858,88,TRUE
724,89,TRUE
1369,89,TRUE
1936,89,TRUE
2662,89,TRUE
2740,89,TRUE
2958,89,TRUE
269,90,TRUE
1602,91,TRUE
74,92,TRUE
275,92,TRUE
291,92,TRUE
403,92,TRUE
404,92,TRUE
677,92,TRUE
689,92,TRUE
3398,92,TRUE
906,93,TRUE
1014,93,TRUE
1801,93,TRUE
2212,93,TRUE
2342,93,TRUE
2952,93,TRUE
95,94,TRUE
94,95,TRUE
759,95,TRUE
104,96,TRUE
207,96,TRUE
516,97,TRUE
99,98,TRUE
1783,98,TRUE
98,99,TRUE
3055,99,TRUE
124,100,TRUE
1494,100,TRUE
1773,100,TRUE
1837,100,TRUE
1838,100,TRUE
1524,102,TRUE
409,103,TRUE
534,103,TRUE
824,103,TRUE
96,104,TRUE
207,104,TRUE
2136,106,TRUE
1292,108,TRUE
2410,108,TRUE
3585,110,TRUE
706,111,TRUE
793,111,TRUE
856,111,TRUE
1172,111,TRUE
1438,111,TRUE
2257,111,TRUE
2411,111,TRUE
138,113,TRUE
197,113,TRUE
198,113,TRUE
1561,113,TRUE
1677,113,TRUE
1784,113,TRUE
2459,113,TRUE
2058,114,TRUE
124,115,TRUE
1043,115,TRUE
1364,115,TRUE
1863,116,TRUE
1816,118,TRUE
3275,118,TRUE
1401,119,TRUE
580,120,TRUE
2070,120,TRUE
2135,120,TRUE
3017,120,TRUE
3237,120,TRUE
3932,120,TRUE
1399,121,TRUE
366,122,TRUE
553,122,TRUE
13,124,TRUE
100,124,TRUE
115,124,TRUE
142,124,TRUE
147,124,TRUE
159,124,TRUE
250,124,TRUE
551,124,TRUE
999,124,TRUE
1016,124,TRUE
1363,124,TRUE
1438,124,TRUE
1494,124,TRUE
1784,124,TRUE
1822,124,TRUE
1823,124,TRUE
1830,124,TRUE
2249,124,TRUE
2271,124,TRUE
2583,124,TRUE
2624,124,TRUE
2625,124,TRUE
2687,124,TRUE
3132,124,TRUE
3153,124,TRUE
1411,125,TRUE
1650,125,TRUE
3304,125,TRUE
405,130,TRUE
1698,132,TRUE
306,133,TRUE
1793,133,TRUE
758,134,TRUE
3990,135,TRUE
138,137,TRUE
113,138,TRUE
137,138,TRUE
1561,138,TRUE
3850,138,TRUE
1069,139,TRUE
1122,139,TRUE
2461,139,TRUE
2653,140,TRUE
13,142,TRUE
124,142,TRUE
250,142,TRUE
551,142,TRUE
1016,142,TRUE
1784,142,TRUE
1822,142,TRUE
1823,142,TRUE
1830,142,TRUE
2249,142,TRUE
3153,142,TRUE
978,144,TRUE
2369,144,TRUE
2606,144,TRUE
2318,145,TRUE
154,146,TRUE
1363,146,TRUE
1418,146,TRUE
1438,146,TRUE
2377,146,TRUE
2699,146,TRUE
21,147,TRUE
124,147,TRUE
1363,147,TRUE
1364,147,TRUE
1416,147,TRUE
2311,147,TRUE
1176,148,TRUE
1537,148,TRUE
2204,148,TRUE
2338,148,TRUE
3459,148,TRUE
3501,149,TRUE
157,150,TRUE
233,150,TRUE
325,150,TRUE
1561,150,TRUE
1673,150,TRUE
1817,150,TRUE
1514,151,TRUE
676,152,TRUE
877,152,TRUE
669,153,TRUE
2163,153,TRUE
3670,153,TRUE
146,154,TRUE
1014,154,TRUE
1363,154,TRUE
1364,154,TRUE
1438,154,TRUE
1772,154,TRUE
1784,154,TRUE
1882,154,TRUE
2068,154,TRUE
2324,154,TRUE
2429,154,TRUE
2687,154,TRUE
3162,154,TRUE
1016,155,TRUE
1363,155,TRUE
1438,155,TRUE
1480,156,TRUE
2314,156,TRUE
2411,156,TRUE
2450,156,TRUE
2711,156,TRUE
150,157,TRUE
233,157,TRUE
325,157,TRUE
1561,157,TRUE
1673,157,TRUE
2237,157,TRUE
3535,157,TRUE
3835,157,TRUE
187,158,TRUE
199,158,TRUE
200,158,TRUE
1016,158,TRUE
1029,158,TRUE
1430,158,TRUE
1826,158,TRUE
1978,158,TRUE
2394,158,TRUE
2400,158,TRUE
124,159,TRUE
250,159,TRUE
665,159,TRUE
666,159,TRUE
1438,159,TRUE
1466,159,TRUE
2024,159,TRUE
3132,159,TRUE
3872,159,TRUE
3873,159,TRUE
1579,160,TRUE
386,161,TRUE
1016,161,TRUE
1290,161,TRUE
1360,161,TRUE
1405,161,TRUE
1808,161,TRUE
1859,161,TRUE
2314,161,TRUE
2903,161,TRUE
43,162,TRUE
1071,162,TRUE
1494,162,TRUE
1878,162,TRUE
2116,162,TRUE
2648,162,TRUE
2891,162,TRUE
2892,162,TRUE
3112,162,TRUE
170,163,TRUE
43,164,TRUE
692,164,TRUE
1063,164,TRUE
1064,164,TRUE
21,165,TRUE
65,165,TRUE
1494,165,TRUE
48,166,TRUE
2964,166,TRUE
975,167,TRUE
1016,167,TRUE
983,168,TRUE
985,168,TRUE
1746,168,TRUE
2100,168,TRUE
2286,168,TRUE
2559,168,TRUE
31,169,TRUE
1572,169,TRUE
1574,169,TRUE
1575,169,TRUE
1724,169,TRUE
163,170,TRUE
1101,173,TRUE
1498,173,TRUE
82,175,TRUE
176,175,TRUE
82,176,TRUE
175,176,TRUE
177,176,TRUE
176,177,TRUE
3299,178,TRUE
3300,178,TRUE
1337,179,TRUE
1442,179,TRUE
2533,179,TRUE
2947,182,TRUE
186,185,TRUE
185,186,TRUE
158,187,TRUE
1029,187,TRUE
1833,188,TRUE
415,190,TRUE
1334,190,TRUE
295,191,TRUE
213,192,TRUE
3193,193,TRUE
548,194,TRUE
793,194,TRUE
1332,194,TRUE
1363,194,TRUE
1442,194,TRUE
1524,194,TRUE
1656,194,TRUE
1957,194,TRUE
1961,194,TRUE
1972,194,TRUE
1973,194,TRUE
2003,194,TRUE
2004,194,TRUE
2005,194,TRUE
2080,194,TRUE
2123,194,TRUE
2287,194,TRUE
2301,194,TRUE
2522,194,TRUE
2561,194,TRUE
2731,194,TRUE
2737,194,TRUE
2738,194,TRUE
2743,194,TRUE
2794,194,TRUE
2925,194,TRUE
2929,194,TRUE
2971,194,TRUE
3021,194,TRUE
3063,194,TRUE
3119,194,TRUE
3165,194,TRUE
3237,194,TRUE
3488,194,TRUE
3510,194,TRUE
3763,194,TRUE
1016,195,TRUE
1902,195,TRUE
3061,195,TRUE
3153,195,TRUE
3203,195,TRUE
1272,196,TRUE
3058,196,TRUE
113,197,TRUE
198,197,TRUE
325,197,TRUE
1069,197,TRUE
1674,197,TRUE
113,198,TRUE
197,198,TRUE
325,198,TRUE
1044,198,TRUE
1069,198,TRUE
1122,198,TRUE
1509,198,TRUE
1561,198,TRUE
1674,198,TRUE
1784,198,TRUE
1817,198,TRUE
2460,198,TRUE
3648,198,TRUE
3886,198,TRUE
158,199,TRUE
238,199,TRUE
1142,199,TRUE
1313,199,TRUE
1399,199,TRUE
1826,199,TRUE
1978,199,TRUE
158,200,TRUE
211,201,TRUE
987,201,TRUE
1288,201,TRUE
2563,201,TRUE
1925,202,TRUE
51,205,TRUE
1472,205,TRUE
96,207,TRUE
104,207,TRUE
1826,208,TRUE
3200,208,TRUE
73,210,TRUE
76,210,TRUE
935,210,TRUE
201,211,TRUE
1855,212,TRUE
2309,212,TRUE
192,213,TRUE
3632,214,TRUE
226,215,TRUE
1368,215,TRUE
1405,215,TRUE
1499,215,TRUE
2102,215,TRUE
2823,215,TRUE
3298,215,TRUE
3968,215,TRUE
31,216,TRUE
2004,218,TRUE
2287,218,TRUE
2436,218,TRUE
2669,218,TRUE
2955,218,TRUE
3997,219,TRUE
2995,220,TRUE
2245,221,TRUE
2265,221,TRUE
3153,222,TRUE
356,223,TRUE
215,226,TRUE
1290,226,TRUE
1420,226,TRUE
2837,226,TRUE
325,228,TRUE
1561,228,TRUE
2237,228,TRUE
1510,230,TRUE
2145,230,TRUE
2455,230,TRUE
2765,230,TRUE
2792,230,TRUE
71,233,TRUE
150,233,TRUE
157,233,TRUE
325,233,TRUE
1047,233,TRUE
1561,233,TRUE
1673,233,TRUE
1674,233,TRUE
1817,233,TRUE
1818,233,TRUE
3100,233,TRUE
242,236,TRUE
706,236,TRUE
2301,236,TRUE
2411,236,TRUE
2454,236,TRUE
2801,236,TRUE
3182,236,TRUE
3647,236,TRUE
310,237,TRUE
1820,237,TRUE
1846,237,TRUE
1864,237,TRUE
1865,237,TRUE
199,238,TRUE
1278,239,TRUE
3126,239,TRUE
1303,240,TRUE
2046,240,TRUE
2393,241,TRUE
236,242,TRUE
384,242,TRUE
415,242,TRUE
3887,242,TRUE
880,244,TRUE
1452,244,TRUE
2300,244,TRUE
1305,245,TRUE
1478,245,TRUE
3152,245,TRUE
247,246,TRUE
923,246,TRUE
246,247,TRUE
721,247,TRUE
842,247,TRUE
843,247,TRUE
923,247,TRUE
349,248,TRUE
1112,248,TRUE
385,249,TRUE
759,249,TRUE
1064,249,TRUE
1158,249,TRUE
124,250,TRUE
142,250,TRUE
159,250,TRUE
1363,250,TRUE
1438,250,TRUE
1455,250,TRUE
1784,250,TRUE
1823,250,TRUE
3132,250,TRUE
2288,251,TRUE
3242,251,TRUE
37,252,TRUE
1384,252,TRUE
581,253,TRUE
1457,253,TRUE
1955,253,TRUE
1228,255,TRUE
2087,255,TRUE
1764,256,TRUE
1626,258,TRUE
1915,259,TRUE
1248,261,TRUE
1363,262,TRUE
1561,262,TRUE
2962,262,TRUE
265,264,TRUE
1995,264,TRUE
264,265,TRUE
881,266,TRUE
268,267,TRUE
269,267,TRUE
267,268,TRUE
269,268,TRUE
368,268,TRUE
90,269,TRUE
267,269,TRUE
268,269,TRUE
1026,269,TRUE
306,270,TRUE
311,270,TRUE
418,270,TRUE
421,270,TRUE
557,270,TRUE
616,270,TRUE
701,270,TRUE
833,270,TRUE
2115,270,TRUE
767,272,TRUE
275,274,TRUE
92,275,TRUE
274,275,TRUE
689,275,TRUE
816,275,TRUE
278,277,TRUE
2092,277,TRUE
277,278,TRUE
367,278,TRUE
580,278,TRUE
1604,278,TRUE
1700,278,TRUE
2092,278,TRUE
3992,278,TRUE
379,279,TRUE
382,279,TRUE
1562,282,TRUE
1749,282,TRUE
744,283,TRUE
1604,287,TRUE
290,288,TRUE
892,288,TRUE
288,290,TRUE
309,290,TRUE
343,290,TRUE
573,290,TRUE
833,290,TRUE
834,290,TRUE
92,291,TRUE
191,295,TRUE
953,296,TRUE
346,297,TRUE
2859,297,TRUE
934,298,TRUE
332,299,TRUE
776,299,TRUE
2899,299,TRUE
846,300,TRUE
133,306,TRUE
270,306,TRUE
592,306,TRUE
290,309,TRUE
310,309,TRUE
343,309,TRUE
392,309,TRUE
564,309,TRUE
829,309,TRUE
833,309,TRUE
834,309,TRUE
982,309,TRUE
237,310,TRUE
309,310,TRUE
1180,310,TRUE
1846,310,TRUE
1864,310,TRUE
1865,310,TRUE
270,311,TRUE
506,311,TRUE
637,311,TRUE
1325,311,TRUE
3385,311,TRUE
313,312,TRUE
312,313,TRUE
315,314,TRUE
316,314,TRUE
314,315,TRUE
316,315,TRUE
720,315,TRUE
314,316,TRUE
315,316,TRUE
720,316,TRUE
1205,317,TRUE
327,318,TRUE
502,318,TRUE
906,318,TRUE
991,318,TRUE
3249,318,TRUE
3254,318,TRUE
73,319,TRUE
74,319,TRUE
76,319,TRUE
377,319,TRUE
378,319,TRUE
397,319,TRUE
407,319,TRUE
598,319,TRUE
639,319,TRUE
675,319,TRUE
759,319,TRUE
1114,319,TRUE
323,320,TRUE
456,320,TRUE
620,320,TRUE
322,321,TRUE
669,321,TRUE
321,322,TRUE
320,323,TRUE
548,323,TRUE
2474,323,TRUE
3190,323,TRUE
3389,323,TRUE
71,325,TRUE
75,325,TRUE
88,325,TRUE
150,325,TRUE
157,325,TRUE
197,325,TRUE
198,325,TRUE
228,325,TRUE
233,325,TRUE
437,325,TRUE
722,325,TRUE
776,325,TRUE
855,325,TRUE
975,325,TRUE
999,325,TRUE
1047,325,TRUE
1069,325,TRUE
1119,325,TRUE
1125,325,TRUE
1363,325,TRUE
1561,325,TRUE
1573,325,TRUE
1661,325,TRUE
1673,325,TRUE
1674,325,TRUE
1817,325,TRUE
1870,325,TRUE
2373,325,TRUE
3053,325,TRUE
3069,325,TRUE
3100,325,TRUE
3102,325,TRUE
3267,325,TRUE
3648,325,TRUE
3875,325,TRUE
318,327,TRUE
894,327,TRUE
1005,327,TRUE
3249,327,TRUE
331,330,TRUE
1786,330,TRUE
1870,330,TRUE
1984,330,TRUE
3473,330,TRUE
3551,330,TRUE
330,331,TRUE
299,332,TRUE
824,334,TRUE
1657,334,TRUE
769,336,TRUE
343,338,TRUE
701,338,TRUE
391,339,TRUE
4,340,TRUE
851,340,TRUE
2647,340,TRUE
343,342,TRUE
290,343,TRUE
309,343,TRUE
338,343,TRUE
342,343,TRUE
701,343,TRUE
833,343,TRUE
834,343,TRUE
563,344,TRUE
77,345,TRUE
529,345,TRUE
646,345,TRUE
297,346,TRUE
2859,346,TRUE
349,347,TRUE
352,347,TRUE
417,348,TRUE
905,348,TRUE
248,349,TRUE
347,349,TRUE
352,349,TRUE
944,349,TRUE
1112,349,TRUE
351,350,TRUE
350,351,TRUE
347,352,TRUE
349,352,TRUE
3400,355,TRUE
223,356,TRUE
359,358,TRUE
358,359,TRUE
533,359,TRUE
595,359,TRUE
3185,360,TRUE
721,361,TRUE
964,361,TRUE
1364,361,TRUE
2236,361,TRUE
2322,361,TRUE
2845,361,TRUE
983,362,TRUE
2730,363,TRUE
1070,365,TRUE
122,366,TRUE
368,366,TRUE
473,366,TRUE
531,366,TRUE
657,366,TRUE
824,366,TRUE
278,367,TRUE
580,367,TRUE
268,368,TRUE
366,368,TRUE
396,368,TRUE
422,368,TRUE
873,368,TRUE
874,368,TRUE
942,368,TRUE
567,369,TRUE
568,369,TRUE
422,370,TRUE
72,374,TRUE
876,374,TRUE
815,375,TRUE
561,376,TRUE
620,376,TRUE
2153,376,TRUE
319,377,TRUE
319,378,TRUE
399,378,TRUE
441,378,TRUE
1114,378,TRUE
279,379,TRUE
380,379,TRUE
381,379,TRUE
382,379,TRUE
379,380,TRUE
381,380,TRUE
471,380,TRUE
379,381,TRUE
380,381,TRUE
279,382,TRUE
379,382,TRUE
37,384,TRUE
242,384,TRUE
415,384,TRUE
483,384,TRUE
624,384,TRUE
730,384,TRUE
798,384,TRUE
1205,384,TRUE
1247,384,TRUE
3328,384,TRUE
3610,384,TRUE
3686,384,TRUE
249,385,TRUE
387,385,TRUE
388,385,TRUE
398,385,TRUE
759,385,TRUE
161,386,TRUE
1405,386,TRUE
1859,386,TRUE
385,387,TRUE
388,387,TRUE
561,387,TRUE
1000,387,TRUE
385,388,TRUE
387,388,TRUE
1148,389,TRUE
339,391,TRUE
434,391,TRUE
526,391,TRUE
732,391,TRUE
733,391,TRUE
1139,391,TRUE
1170,391,TRUE
3503,391,TRUE
309,392,TRUE
869,392,TRUE
2999,392,TRUE
430,393,TRUE
1774,394,TRUE
368,396,TRUE
397,396,TRUE
874,396,TRUE
1377,396,TRUE
2886,396,TRUE
319,397,TRUE
396,397,TRUE
442,397,TRUE
1031,397,TRUE
77,398,TRUE
385,398,TRUE
720,398,TRUE
963,398,TRUE
378,399,TRUE
585,399,TRUE
1191,399,TRUE
1456,399,TRUE
642,401,TRUE
715,401,TRUE
1016,401,TRUE
1535,401,TRUE
726,402,TRUE
74,403,TRUE
92,403,TRUE
404,403,TRUE
92,404,TRUE
403,404,TRUE
130,405,TRUE
406,405,TRUE
405,406,TRUE
319,407,TRUE
103,409,TRUE
902,409,TRUE
411,410,TRUE
410,411,TRUE
1663,411,TRUE
2236,412,TRUE
9,413,TRUE
1970,413,TRUE
190,415,TRUE
242,415,TRUE
384,415,TRUE
643,415,TRUE
1166,415,TRUE
1230,415,TRUE
1251,415,TRUE
1671,415,TRUE
1753,415,TRUE
1795,415,TRUE
1861,415,TRUE
2104,415,TRUE
2147,415,TRUE
2299,415,TRUE
2334,415,TRUE
2354,415,TRUE
2355,415,TRUE
2359,415,TRUE
2438,415,TRUE
2462,415,TRUE
2471,415,TRUE
2569,415,TRUE
2779,415,TRUE
2888,415,TRUE
3096,415,TRUE
3711,415,TRUE
3777,415,TRUE
3871,415,TRUE
3885,415,TRUE
569,416,TRUE
952,416,TRUE
348,417,TRUE
270,418,TRUE
462,418,TRUE
420,419,TRUE
419,420,TRUE
270,421,TRUE
520,421,TRUE
368,422,TRUE
370,422,TRUE
1709,423,TRUE
1710,423,TRUE
2111,423,TRUE
3563,423,TRUE
694,425,TRUE
472,426,TRUE
849,426,TRUE
995,426,TRUE
1706,428,TRUE
3256,428,TRUE
457,429,TRUE
1018,429,TRUE
1209,429,TRUE
393,430,TRUE
991,430,TRUE
1640,431,TRUE
1469,432,TRUE
548,433,TRUE
1542,433,TRUE
2019,433,TRUE
2100,433,TRUE
2227,433,TRUE
2289,433,TRUE
2555,433,TRUE
2851,433,TRUE
3617,433,TRUE
391,434,TRUE
468,434,TRUE
741,434,TRUE
817,434,TRUE
1491,434,TRUE
325,437,TRUE
776,437,TRUE
2496,437,TRUE
616,438,TRUE
723,438,TRUE
760,438,TRUE
761,438,TRUE
1510,438,TRUE
2765,438,TRUE
440,439,TRUE
439,440,TRUE
454,440,TRUE
498,440,TRUE
663,440,TRUE
1111,440,TRUE
378,441,TRUE
53,442,TRUE
397,442,TRUE
443,442,TRUE
1325,442,TRUE
442,443,TRUE
864,443,TRUE
969,444,TRUE
796,445,TRUE
2740,445,TRUE
528,450,TRUE
647,450,TRUE
2890,450,TRUE
770,452,TRUE
440,454,TRUE
320,456,TRUE
429,457,TRUE
1257,457,TRUE
2107,458,TRUE
488,459,TRUE
1233,459,TRUE
3311,459,TRUE
3840,459,TRUE
3851,459,TRUE
1658,460,TRUE
418,462,TRUE
732,462,TRUE
1521,464,TRUE
2603,464,TRUE
3138,464,TRUE
960,465,TRUE
2326,465,TRUE
2764,465,TRUE
1107,466,TRUE
2612,466,TRUE
2663,467,TRUE
434,468,TRUE
2354,468,TRUE
2554,468,TRUE
470,469,TRUE
469,470,TRUE
792,470,TRUE
991,470,TRUE
1874,470,TRUE
2911,470,TRUE
3466,470,TRUE
380,471,TRUE
426,472,TRUE
1739,472,TRUE
366,473,TRUE
894,473,TRUE
518,474,TRUE
3561,474,TRUE
749,475,TRUE
1174,479,TRUE
1560,479,TRUE
69,480,TRUE
80,481,TRUE
1920,481,TRUE
483,482,TRUE
384,483,TRUE
482,483,TRUE
624,483,TRUE
2338,483,TRUE
2632,483,TRUE
486,485,TRUE
485,486,TRUE
659,486,TRUE
459,488,TRUE
1233,488,TRUE
1561,488,TRUE
2295,488,TRUE
2448,488,TRUE
490,489,TRUE
489,490,TRUE
1013,494,TRUE
897,496,TRUE
440,498,TRUE
531,498,TRUE
541,498,TRUE
500,499,TRUE
499,500,TRUE
318,502,TRUE
503,502,TRUE
991,502,TRUE
2068,502,TRUE
2687,502,TRUE
2813,502,TRUE
502,503,TRUE
1137,503,TRUE
2068,503,TRUE
696,504,TRUE
1603,505,TRUE
311,506,TRUE
3406,511,TRUE
2232,513,TRUE
3458,513,TRUE
43,516,TRUE
97,516,TRUE
474,518,TRUE
421,520,TRUE
715,520,TRUE
530,521,TRUE
523,522,TRUE
522,523,TRUE
1039,525,TRUE
1351,525,TRUE
391,526,TRUE
61,528,TRUE
450,528,TRUE
544,528,TRUE
772,528,TRUE
883,528,TRUE
906,528,TRUE
1208,528,TRUE
1737,528,TRUE
1804,528,TRUE
1906,528,TRUE
1910,528,TRUE
2203,528,TRUE
2209,528,TRUE
2218,528,TRUE
2220,528,TRUE
2221,528,TRUE
2299,528,TRUE
2890,528,TRUE
3292,528,TRUE
3618,528,TRUE
3665,528,TRUE
345,529,TRUE
521,530,TRUE
366,531,TRUE
498,531,TRUE
667,531,TRUE
774,531,TRUE
359,533,TRUE
534,533,TRUE
595,533,TRUE
103,534,TRUE
533,534,TRUE
1751,535,TRUE
3771,535,TRUE
726,536,TRUE
678,537,TRUE
988,537,TRUE
541,540,TRUE
498,541,TRUE
540,541,TRUE
1062,541,TRUE
48,543,TRUE
528,544,TRUE
48,546,TRUE
547,546,TRUE
48,547,TRUE
546,547,TRUE
194,548,TRUE
323,548,TRUE
433,548,TRUE
971,548,TRUE
1972,548,TRUE
1973,548,TRUE
2080,548,TRUE
2227,548,TRUE
2289,548,TRUE
2733,548,TRUE
2809,548,TRUE
2851,548,TRUE
3617,548,TRUE
550,549,TRUE
549,550,TRUE
43,551,TRUE
124,551,TRUE
142,551,TRUE
648,551,TRUE
877,551,TRUE
896,551,TRUE
975,551,TRUE
1016,551,TRUE
1176,551,TRUE
1438,551,TRUE
1510,551,TRUE
1807,551,TRUE
1826,551,TRUE
1873,551,TRUE
2014,551,TRUE
2322,551,TRUE
2453,551,TRUE
2765,551,TRUE
3061,551,TRUE
3116,551,TRUE
3154,551,TRUE
3207,551,TRUE
1048,552,TRUE
122,553,TRUE
555,554,TRUE
554,555,TRUE
2236,556,TRUE
2559,556,TRUE
2999,556,TRUE
3052,556,TRUE
3340,556,TRUE
270,557,TRUE
12,558,TRUE
586,558,TRUE
804,558,TRUE
836,558,TRUE
1011,558,TRUE
1211,558,TRUE
376,561,TRUE
387,561,TRUE
731,561,TRUE
1458,561,TRUE
596,562,TRUE
344,563,TRUE
309,564,TRUE
81,565,TRUE
87,565,TRUE
88,565,TRUE
369,567,TRUE
568,567,TRUE
951,567,TRUE
994,567,TRUE
369,568,TRUE
567,568,TRUE
707,568,TRUE
416,569,TRUE
918,569,TRUE
952,569,TRUE
3329,569,TRUE
718,572,TRUE
1109,572,TRUE
290,573,TRUE
72,574,TRUE
2115,577,TRUE
1332,579,TRUE
2250,579,TRUE
120,580,TRUE
278,580,TRUE
367,580,TRUE
581,580,TRUE
1055,580,TRUE
1430,580,TRUE
1725,580,TRUE
2110,580,TRUE
253,581,TRUE
580,581,TRUE
993,581,TRUE
1331,581,TRUE
1478,581,TRUE
2015,581,TRUE
2458,581,TRUE
2862,581,TRUE
967,584,TRUE
3315,584,TRUE
399,585,TRUE
772,585,TRUE
773,585,TRUE
900,585,TRUE
1191,585,TRUE
3428,585,TRUE
558,586,TRUE
616,591,TRUE
2292,591,TRUE
306,592,TRUE
359,595,TRUE
533,595,TRUE
596,595,TRUE
597,595,TRUE
562,596,TRUE
595,596,TRUE
597,596,TRUE
595,597,TRUE
596,597,TRUE
606,597,TRUE
319,598,TRUE
638,599,TRUE
672,600,TRUE
930,600,TRUE
1032,600,TRUE
1708,600,TRUE
2656,600,TRUE
3084,600,TRUE
602,601,TRUE
601,602,TRUE
54,603,TRUE
960,603,TRUE
1243,603,TRUE
1984,603,TRUE
2999,603,TRUE
3031,603,TRUE
983,604,TRUE
597,606,TRUE
608,607,TRUE
960,607,TRUE
607,608,TRUE
930,608,TRUE
960,608,TRUE
1184,608,TRUE
3767,608,TRUE
2555,609,TRUE
3687,609,TRUE
670,610,TRUE
614,613,TRUE
613,614,TRUE
957,614,TRUE
270,616,TRUE
438,616,TRUE
591,616,TRUE
959,616,TRUE
960,616,TRUE
1276,618,TRUE
320,620,TRUE
376,620,TRUE
621,620,TRUE
626,620,TRUE
755,620,TRUE
875,620,TRUE
620,621,TRUE
1494,622,TRUE
1723,622,TRUE
384,624,TRUE
483,624,TRUE
960,624,TRUE
2643,624,TRUE
620,626,TRUE
1269,629,TRUE
311,637,TRUE
599,638,TRUE
319,639,TRUE
929,639,TRUE
641,640,TRUE
3422,640,TRUE
640,641,TRUE
401,642,TRUE
415,643,TRUE
1539,643,TRUE
2301,643,TRUE
2438,643,TRUE
2603,643,TRUE
2888,643,TRUE
3297,643,TRUE
3321,643,TRUE
3560,643,TRUE
345,646,TRUE
933,646,TRUE
450,647,TRUE
551,648,TRUE
896,648,TRUE
1889,648,TRUE
3084,648,TRUE
650,649,TRUE
649,650,TRUE
4,651,TRUE
69,653,TRUE
1096,653,TRUE
366,657,TRUE
80,659,TRUE
486,659,TRUE
1132,659,TRUE
661,660,TRUE
660,661,TRUE
440,663,TRUE
1021,663,TRUE
159,665,TRUE
666,665,TRUE
159,666,TRUE
665,666,TRUE
531,667,TRUE
153,669,TRUE
321,669,TRUE
670,669,TRUE
2163,669,TRUE
3670,669,TRUE
610,670,TRUE
669,670,TRUE
1078,670,TRUE
600,672,TRUE
319,675,TRUE
152,676,TRUE
877,676,TRUE
92,677,TRUE
77,678,TRUE
537,678,TRUE
945,678,TRUE
1982,678,TRUE
2557,678,TRUE
680,679,TRUE
681,679,TRUE
679,680,TRUE
73,681,TRUE
74,681,TRUE
679,681,TRUE
683,682,TRUE
1212,682,TRUE
682,683,TRUE
1213,683,TRUE
2414,683,TRUE
2508,683,TRUE
2854,683,TRUE
2331,684,TRUE
92,689,TRUE
275,689,TRUE
3398,689,TRUE
692,691,TRUE
164,692,TRUE
691,692,TRUE
711,692,TRUE
1429,693,TRUE
1453,693,TRUE
1865,693,TRUE
2109,693,TRUE
2741,693,TRUE
3093,693,TRUE
425,694,TRUE
504,696,TRUE
740,696,TRUE
835,696,TRUE
698,697,TRUE
697,698,TRUE
1758,699,TRUE
53,701,TRUE
270,701,TRUE
338,701,TRUE
343,701,TRUE
833,701,TRUE
2115,701,TRUE
705,704,TRUE
1016,704,TRUE
704,705,TRUE
111,706,TRUE
236,706,TRUE
856,706,TRUE
1364,706,TRUE
1378,706,TRUE
1772,706,TRUE
2049,706,TRUE
2301,706,TRUE
2411,706,TRUE
2699,706,TRUE
2801,706,TRUE
2940,706,TRUE
3141,706,TRUE
3162,706,TRUE
568,707,TRUE
1307,708,TRUE
3576,708,TRUE
1428,709,TRUE
711,710,TRUE
692,711,TRUE
710,711,TRUE
1544,711,TRUE
739,712,TRUE
3546,712,TRUE
81,714,TRUE
401,715,TRUE
520,715,TRUE
891,715,TRUE
1860,716,TRUE
2301,716,TRUE
572,718,TRUE
1109,718,TRUE
805,719,TRUE
315,720,TRUE
316,720,TRUE
398,720,TRUE
721,720,TRUE
247,721,TRUE
361,721,TRUE
720,721,TRUE
325,722,TRUE
438,723,TRUE
89,724,TRUE
2662,724,TRUE
402,726,TRUE
536,726,TRUE
2229,728,TRUE
384,730,TRUE
3112,730,TRUE
561,731,TRUE
391,732,TRUE
462,732,TRUE
733,732,TRUE
3503,732,TRUE
391,733,TRUE
732,733,TRUE
1032,733,TRUE
77,734,TRUE
737,736,TRUE
736,737,TRUE
712,739,TRUE
696,740,TRUE
434,741,TRUE
20,743,TRUE
283,744,TRUE
2168,748,TRUE
2212,748,TRUE
2217,748,TRUE
475,749,TRUE
784,753,TRUE
901,753,TRUE
620,755,TRUE
831,756,TRUE
1735,756,TRUE
2993,756,TRUE
758,757,TRUE
793,757,TRUE
971,757,TRUE
2102,757,TRUE
2164,757,TRUE
2165,757,TRUE
2178,757,TRUE
2820,757,TRUE
134,758,TRUE
757,758,TRUE
793,758,TRUE
37,759,TRUE
95,759,TRUE
249,759,TRUE
319,759,TRUE
385,759,TRUE
438,760,TRUE
761,760,TRUE
438,761,TRUE
760,761,TRUE
998,762,TRUE
819,765,TRUE
983,765,TRUE
984,765,TRUE
272,767,TRUE
4,768,TRUE
336,769,TRUE
975,769,TRUE
1043,769,TRUE
1364,769,TRUE
1397,769,TRUE
2480,769,TRUE
452,770,TRUE
528,772,TRUE
585,772,TRUE
2209,772,TRUE
2220,772,TRUE
3292,772,TRUE
585,773,TRUE
1124,773,TRUE
531,774,TRUE
2474,775,TRUE
299,776,TRUE
325,776,TRUE
437,776,TRUE
889,776,TRUE
3267,776,TRUE
3323,776,TRUE
3554,776,TRUE
1267,777,TRUE
2328,777,TRUE
2356,777,TRUE
2301,779,TRUE
753,784,TRUE
901,784,TRUE
2173,788,TRUE
470,792,TRUE
3466,792,TRUE
111,793,TRUE
194,793,TRUE
757,793,TRUE
758,793,TRUE
1429,793,TRUE
1656,793,TRUE
1924,793,TRUE
1933,793,TRUE
2102,793,TRUE
2123,793,TRUE
2239,793,TRUE
2244,793,TRUE
2248,793,TRUE
2250,793,TRUE
2257,793,TRUE
3225,793,TRUE
3653,793,TRUE
3912,793,TRUE
445,796,TRUE
384,798,TRUE
1247,798,TRUE
1620,800,TRUE
12,804,TRUE
558,804,TRUE
719,805,TRUE
2342,805,TRUE
813,812,TRUE
812,813,TRUE
375,815,TRUE
275,816,TRUE
434,817,TRUE
914,817,TRUE
80,818,TRUE
765,819,TRUE
821,820,TRUE
820,821,TRUE
1608,821,TRUE
103,824,TRUE
334,824,TRUE
366,824,TRUE
309,829,TRUE
57,831,TRUE
756,831,TRUE
1099,831,TRUE
1578,831,TRUE
1735,831,TRUE
1901,831,TRUE
2993,831,TRUE
3416,831,TRUE
270,833,TRUE
290,833,TRUE
309,833,TRUE
343,833,TRUE
701,833,TRUE
834,833,TRUE
983,833,TRUE
984,833,TRUE
2115,833,TRUE
290,834,TRUE
309,834,TRUE
343,834,TRUE
833,834,TRUE
860,834,TRUE
696,835,TRUE
558,836,TRUE
838,837,TRUE
837,838,TRUE
2557,839,TRUE
2178,840,TRUE
1264,841,TRUE
247,842,TRUE
843,842,TRUE
247,843,TRUE
842,843,TRUE
300,846,TRUE
426,849,TRUE
15,851,TRUE
84,851,TRUE
340,851,TRUE
1073,851,TRUE
1187,853,TRUE
1252,853,TRUE
3496,853,TRUE
3874,853,TRUE
1607,854,TRUE
75,855,TRUE
88,855,TRUE
325,855,TRUE
111,856,TRUE
706,856,TRUE
1378,856,TRUE
1442,856,TRUE
1742,856,TRUE
2032,856,TRUE
2314,856,TRUE
2411,856,TRUE
2845,856,TRUE
2940,856,TRUE
2950,856,TRUE
3592,856,TRUE
87,858,TRUE
88,858,TRUE
1045,859,TRUE
1253,859,TRUE
834,860,TRUE
864,863,TRUE
998,863,TRUE
443,864,TRUE
863,864,TRUE
998,864,TRUE
2560,868,TRUE
392,869,TRUE
906,871,TRUE
3730,871,TRUE
368,873,TRUE
874,873,TRUE
368,874,TRUE
396,874,TRUE
873,874,TRUE
620,875,TRUE
374,876,TRUE
152,877,TRUE
551,877,TRUE
676,877,TRUE
1313,877,TRUE
1838,877,TRUE
2269,877,TRUE
2818,877,TRUE
3318,877,TRUE
3552,877,TRUE
244,880,TRUE
1452,880,TRUE
1530,880,TRUE
2300,880,TRUE
3679,880,TRUE
266,881,TRUE
1757,881,TRUE
528,883,TRUE
2100,883,TRUE
3319,883,TRUE
1033,884,TRUE
2100,885,TRUE
2777,885,TRUE
989,888,TRUE
776,889,TRUE
2494,890,TRUE
715,891,TRUE
288,892,TRUE
327,894,TRUE
473,894,TRUE
1070,895,TRUE
43,896,TRUE
551,896,TRUE
648,896,TRUE
1063,896,TRUE
1889,896,TRUE
2180,896,TRUE
3084,896,TRUE
496,897,TRUE
898,897,TRUE
897,898,TRUE
585,900,TRUE
901,900,TRUE
3428,900,TRUE
753,901,TRUE
784,901,TRUE
900,901,TRUE
409,902,TRUE
348,905,TRUE
93,906,TRUE
318,906,TRUE
528,906,TRUE
871,906,TRUE
946,906,TRUE
2342,906,TRUE
817,914,TRUE
569,918,TRUE
246,923,TRUE
247,923,TRUE
639,929,TRUE
600,930,TRUE
608,930,TRUE
960,930,TRUE
53,931,TRUE
3392,931,TRUE
1097,932,TRUE
646,933,TRUE
298,934,TRUE
210,935,TRUE
2138,937,TRUE
3385,939,TRUE
368,942,TRUE
349,944,TRUE
678,945,TRUE
906,946,TRUE
567,951,TRUE
994,951,TRUE
1208,951,TRUE
416,952,TRUE
569,952,TRUE
296,953,TRUE
614,957,TRUE
616,959,TRUE
465,960,TRUE
603,960,TRUE
607,960,TRUE
608,960,TRUE
616,960,TRUE
624,960,TRUE
930,960,TRUE
1124,960,TRUE
1984,960,TRUE
2001,960,TRUE
2326,960,TRUE
2999,960,TRUE
3484,960,TRUE
77,962,TRUE
398,963,TRUE
361,964,TRUE
584,967,TRUE
2959,967,TRUE
3315,967,TRUE
3832,967,TRUE
444,969,TRUE
1048,969,TRUE
1179,969,TRUE
41,971,TRUE
548,971,TRUE
757,971,TRUE
1277,971,TRUE
1429,971,TRUE
1524,971,TRUE
1715,971,TRUE
1802,971,TRUE
1998,971,TRUE
2102,971,TRUE
2164,971,TRUE
2165,971,TRUE
2178,971,TRUE
2575,971,TRUE
2587,971,TRUE
2770,971,TRUE
2820,971,TRUE
1363,974,TRUE
167,975,TRUE
325,975,TRUE
551,975,TRUE
769,975,TRUE
976,975,TRUE
1001,975,TRUE
1016,975,TRUE
1043,975,TRUE
1138,975,TRUE
1350,975,TRUE
1438,975,TRUE
1673,975,TRUE
1779,975,TRUE
1992,975,TRUE
2068,975,TRUE
2603,975,TRUE
2688,975,TRUE
2711,975,TRUE
2948,975,TRUE
3451,975,TRUE
3586,975,TRUE
3587,975,TRUE
975,976,TRUE
1363,976,TRUE
1438,976,TRUE
1673,976,TRUE
85,978,TRUE
144,978,TRUE
1809,978,TRUE
2022,978,TRUE
2144,978,TRUE
2148,978,TRUE
2149,978,TRUE
2310,978,TRUE
2352,978,TRUE
2353,978,TRUE
2368,978,TRUE
2369,978,TRUE
2407,978,TRUE
2606,978,TRUE
309,982,TRUE
168,983,TRUE
362,983,TRUE
604,983,TRUE
765,983,TRUE
833,983,TRUE
984,983,TRUE
985,983,TRUE
3505,983,TRUE
3575,983,TRUE
765,984,TRUE
833,984,TRUE
983,984,TRUE
168,985,TRUE
983,985,TRUE
1059,986,TRUE
201,987,TRUE
537,988,TRUE
888,989,TRUE
318,991,TRUE
430,991,TRUE
470,991,TRUE
502,991,TRUE
1874,991,TRUE
1875,991,TRUE
581,993,TRUE
1331,993,TRUE
1833,993,TRUE
1858,993,TRUE
567,994,TRUE
951,994,TRUE
426,995,TRUE
1022,995,TRUE
1539,995,TRUE
1665,995,TRUE
3327,995,TRUE
762,998,TRUE
863,998,TRUE
864,998,TRUE
24,999,TRUE
124,999,TRUE
325,999,TRUE
1119,999,TRUE
387,1000,TRUE
975,1001,TRUE
1040,1001,TRUE
327,1005,TRUE
2152,1007,TRUE
1011,1010,TRUE
1257,1010,TRUE
1817,1010,TRUE
558,1011,TRUE
1010,1011,TRUE
1257,1011,TRUE
1817,1011,TRUE
44,1013,TRUE
494,1013,TRUE
93,1014,TRUE
154,1014,TRUE
1361,1014,TRUE
1364,1014,TRUE
1450,1014,TRUE
1451,1014,TRUE
1476,1014,TRUE
1801,1014,TRUE
1844,1014,TRUE
1933,1014,TRUE
1960,1014,TRUE
2065,1014,TRUE
2126,1014,TRUE
2178,1014,TRUE
2186,1014,TRUE
2301,1014,TRUE
2342,1014,TRUE
2553,1014,TRUE
2596,1014,TRUE
2726,1014,TRUE
2740,1014,TRUE
2956,1014,TRUE
3123,1014,TRUE
3132,1014,TRUE
3162,1014,TRUE
3175,1014,TRUE
3199,1014,TRUE
3251,1014,TRUE
3479,1014,TRUE
15,1015,TRUE
1016,1015,TRUE
1561,1015,TRUE
3153,1015,TRUE
15,1016,TRUE
29,1016,TRUE
64,1016,TRUE
124,1016,TRUE
142,1016,TRUE
155,1016,TRUE
158,1016,TRUE
161,1016,TRUE
167,1016,TRUE
195,1016,TRUE
401,1016,TRUE
551,1016,TRUE
704,1016,TRUE
975,1016,TRUE
1015,1016,TRUE
1210,1016,TRUE
1275,1016,TRUE
1363,1016,TRUE
1438,1016,TRUE
1503,1016,TRUE
1511,1016,TRUE
1512,1016,TRUE
1661,1016,TRUE
1672,1016,TRUE
1784,1016,TRUE
1822,1016,TRUE
1823,1016,TRUE
1902,1016,TRUE
1903,1016,TRUE
1992,1016,TRUE
1996,1016,TRUE
2045,1016,TRUE
2068,1016,TRUE
2317,1016,TRUE
2477,1016,TRUE
2581,1016,TRUE
2611,1016,TRUE
2687,1016,TRUE
2688,1016,TRUE
2769,1016,TRUE
3061,1016,TRUE
3153,1016,TRUE
3203,1016,TRUE
3207,1016,TRUE
3515,1016,TRUE
429,1018,TRUE
1209,1018,TRUE
663,1021,TRUE
995,1022,TRUE
2301,1023,TRUE
2632,1023,TRUE
269,1026,TRUE
158,1029,TRUE
187,1029,TRUE
397,1031,TRUE
600,1032,TRUE
733,1032,TRUE
1708,1032,TRUE
884,1033,TRUE
1664,1033,TRUE
1715,1033,TRUE
86,1034,TRUE
525,1039,TRUE
1351,1039,TRUE
1001,1040,TRUE
115,1043,TRUE
769,1043,TRUE
975,1043,TRUE
1044,1043,TRUE
1045,1043,TRUE
1121,1043,TRUE
1364,1043,TRUE
1884,1043,TRUE
1898,1043,TRUE
1984,1043,TRUE
2324,1043,TRUE
2496,1043,TRUE
2669,1043,TRUE
2680,1043,TRUE
2692,1043,TRUE
2729,1043,TRUE
3451,1043,TRUE
198,1044,TRUE
1043,1044,TRUE
1045,1044,TRUE
1121,1044,TRUE
1122,1044,TRUE
1123,1044,TRUE
1898,1044,TRUE
859,1045,TRUE
1043,1045,TRUE
1044,1045,TRUE
1125,1045,TRUE
1170,1045,TRUE
1245,1045,TRUE
3723,1045,TRUE
233,1047,TRUE
325,1047,TRUE
1125,1047,TRUE
1673,1047,TRUE
552,1048,TRUE
969,1048,TRUE
1179,1048,TRUE
1221,1048,TRUE
1051,1049,TRUE
1052,1049,TRUE
1049,1051,TRUE
1052,1051,TRUE
1049,1052,TRUE
1051,1052,TRUE
580,1055,TRUE
1730,1055,TRUE
1993,1056,TRUE
44,1057,TRUE
1058,1057,TRUE
44,1058,TRUE
1057,1058,TRUE
986,1059,TRUE
541,1062,TRUE
43,1063,TRUE
164,1063,TRUE
896,1063,TRUE
1064,1063,TRUE
2481,1063,TRUE
43,1064,TRUE
164,1064,TRUE
249,1064,TRUE
1063,1064,TRUE
1079,1064,TRUE
1117,1064,TRUE
2481,1064,TRUE
3096,1064,TRUE
2628,1066,TRUE
3703,1066,TRUE
3704,1066,TRUE
139,1069,TRUE
197,1069,TRUE
198,1069,TRUE
325,1069,TRUE
1509,1069,TRUE
1561,1069,TRUE
1674,1069,TRUE
1817,1069,TRUE
3648,1069,TRUE
3886,1069,TRUE
365,1070,TRUE
895,1070,TRUE
162,1071,TRUE
851,1073,TRUE
2560,1074,TRUE
3418,1074,TRUE
3785,1074,TRUE
1984,1077,TRUE
2043,1077,TRUE
670,1078,TRUE
1064,1079,TRUE
1117,1079,TRUE
27,1082,TRUE
2902,1084,TRUE
3163,1084,TRUE
3642,1084,TRUE
2543,1085,TRUE
1478,1089,TRUE
1534,1089,TRUE
1561,1089,TRUE
1093,1092,TRUE
1092,1093,TRUE
69,1096,TRUE
653,1096,TRUE
932,1097,TRUE
2435,1097,TRUE
831,1099,TRUE
1100,1099,TRUE
1099,1100,TRUE
173,1101,TRUE
1126,1104,TRUE
2221,1104,TRUE
3830,1104,TRUE
76,1106,TRUE
466,1107,TRUE
2612,1107,TRUE
572,1109,TRUE
718,1109,TRUE
1742,1110,TRUE
2179,1110,TRUE
440,1111,TRUE
248,1112,TRUE
349,1112,TRUE
2605,1112,TRUE
319,1114,TRUE
378,1114,TRUE
1064,1117,TRUE
1079,1117,TRUE
325,1119,TRUE
999,1119,TRUE
1043,1121,TRUE
1044,1121,TRUE
1122,1121,TRUE
1123,1121,TRUE
1262,1121,TRUE
1898,1121,TRUE
139,1122,TRUE
198,1122,TRUE
1044,1122,TRUE
1121,1122,TRUE
1123,1122,TRUE
1509,1122,TRUE
2372,1122,TRUE
2460,1122,TRUE
2882,1122,TRUE
1044,1123,TRUE
1121,1123,TRUE
1122,1123,TRUE
1262,1123,TRUE
773,1124,TRUE
960,1124,TRUE
2001,1124,TRUE
2326,1124,TRUE
3484,1124,TRUE
325,1125,TRUE
1045,1125,TRUE
1047,1125,TRUE
1870,1125,TRUE
3875,1125,TRUE
1104,1126,TRUE
1751,1126,TRUE
2221,1126,TRUE
3636,1126,TRUE
1737,1129,TRUE
79,1132,TRUE
659,1132,TRUE
15,1133,TRUE
75,1133,TRUE
2963,1136,TRUE
503,1137,TRUE
975,1138,TRUE
1494,1138,TRUE
1992,1138,TRUE
3129,1138,TRUE
391,1139,TRUE
199,1142,TRUE
3659,1142,TRUE
1792,1144,TRUE
2324,1145,TRUE
1303,1147,TRUE
389,1148,TRUE
1690,1148,TRUE
2527,1149,TRUE
2946,1149,TRUE
2201,1151,TRUE
1955,1152,TRUE
1157,1156,TRUE
1156,1157,TRUE
1616,1157,TRUE
1618,1157,TRUE
2192,1157,TRUE
249,1158,TRUE
2172,1159,TRUE
3262,1159,TRUE
1893,1160,TRUE
20,1161,TRUE
30,1163,TRUE
2314,1164,TRUE
415,1166,TRUE
3861,1166,TRUE
1194,1169,TRUE
2637,1169,TRUE
3347,1169,TRUE
391,1170,TRUE
1045,1170,TRUE
1260,1170,TRUE
3478,1170,TRUE
111,1172,TRUE
1975,1172,TRUE
479,1174,TRUE
1587,1174,TRUE
148,1176,TRUE
551,1176,TRUE
1722,1176,TRUE
2751,1176,TRUE
3163,1176,TRUE
3505,1176,TRUE
969,1179,TRUE
1048,1179,TRUE
310,1180,TRUE
1846,1180,TRUE
2486,1180,TRUE
1198,1181,TRUE
2629,1181,TRUE
3570,1181,TRUE
3603,1181,TRUE
1183,1182,TRUE
2299,1182,TRUE
2510,1182,TRUE
1182,1183,TRUE
2510,1183,TRUE
3,1184,TRUE
608,1184,TRUE
1507,1184,TRUE
2354,1184,TRUE
3627,1184,TRUE
3702,1184,TRUE
3724,1184,TRUE
3767,1184,TRUE
1201,1186,TRUE
3693,1186,TRUE
853,1187,TRUE
1252,1187,TRUE
3496,1187,TRUE
3874,1187,TRUE
1211,1190,TRUE
399,1191,TRUE
585,1191,TRUE
2971,1192,TRUE
1169,1194,TRUE
2591,1195,TRUE
3706,1195,TRUE
1234,1196,TRUE
2716,1196,TRUE
3641,1196,TRUE
3853,1196,TRUE
1181,1198,TRUE
2236,1198,TRUE
2299,1199,TRUE
2357,1199,TRUE
2499,1199,TRUE
2510,1199,TRUE
1186,1201,TRUE
3693,1201,TRUE
1682,1202,TRUE
1641,1204,TRUE
1737,1204,TRUE
1804,1204,TRUE
3306,1204,TRUE
317,1205,TRUE
384,1205,TRUE
1221,1205,TRUE
1208,1207,TRUE
65,1208,TRUE
528,1208,TRUE
951,1208,TRUE
1207,1208,TRUE
3495,1208,TRUE
429,1209,TRUE
1018,1209,TRUE
1016,1210,TRUE
1275,1210,TRUE
1661,1210,TRUE
1902,1210,TRUE
1913,1210,TRUE
2002,1210,TRUE
2303,1210,TRUE
2356,1210,TRUE
2434,1210,TRUE
2461,1210,TRUE
558,1211,TRUE
1190,1211,TRUE
682,1212,TRUE
683,1213,TRUE
2414,1213,TRUE
2508,1213,TRUE
2443,1215,TRUE
3778,1215,TRUE
3779,1215,TRUE
2465,1219,TRUE
1048,1221,TRUE
1205,1221,TRUE
1635,1224,TRUE
1648,1224,TRUE
1667,1225,TRUE
1680,1226,TRUE
2683,1226,TRUE
3791,1226,TRUE
255,1228,TRUE
3405,1229,TRUE
415,1230,TRUE
2339,1230,TRUE
3466,1230,TRUE
1238,1231,TRUE
3878,1231,TRUE
1675,1232,TRUE
3106,1232,TRUE
459,1233,TRUE
488,1233,TRUE
2358,1233,TRUE
1196,1234,TRUE
3853,1234,TRUE
3734,1235,TRUE
3273,1237,TRUE
1231,1238,TRUE
1241,1240,TRUE
1242,1240,TRUE
2232,1240,TRUE
1240,1241,TRUE
1240,1242,TRUE
2232,1242,TRUE
603,1243,TRUE
2557,1243,TRUE
1536,1244,TRUE
1950,1244,TRUE
2294,1244,TRUE
2425,1244,TRUE
2437,1244,TRUE
2771,1244,TRUE
2887,1244,TRUE
1045,1245,TRUE
384,1247,TRUE
798,1247,TRUE
261,1248,TRUE
415,1251,TRUE
853,1252,TRUE
1187,1252,TRUE
3496,1252,TRUE
3874,1252,TRUE
859,1253,TRUE
1696,1255,TRUE
1843,1255,TRUE
2967,1255,TRUE
457,1257,TRUE
1010,1257,TRUE
1011,1257,TRUE
1817,1257,TRUE
1494,1258,TRUE
1750,1258,TRUE
3808,1258,TRUE
1170,1260,TRUE
1121,1262,TRUE
1123,1262,TRUE
841,1264,TRUE
777,1267,TRUE
2356,1267,TRUE
629,1269,TRUE
196,1272,TRUE
1016,1275,TRUE
1210,1275,TRUE
2102,1275,TRUE
2259,1275,TRUE
618,1276,TRUE
971,1277,TRUE
2164,1277,TRUE
239,1278,TRUE
1281,1280,TRUE
1280,1281,TRUE
2590,1281,TRUE
1283,1282,TRUE
1282,1283,TRUE
2828,1285,TRUE
2935,1287,TRUE
201,1288,TRUE
2276,1288,TRUE
3177,1288,TRUE
161,1290,TRUE
226,1290,TRUE
1363,1290,TRUE
1364,1290,TRUE
1365,1290,TRUE
1420,1290,TRUE
1555,1290,TRUE
2314,1290,TRUE
2462,1291,TRUE
108,1292,TRUE
1405,1293,TRUE
2603,1293,TRUE
29,1298,TRUE
1513,1298,TRUE
2317,1298,TRUE
2402,1298,TRUE
2697,1298,TRUE
3941,1299,TRUE
1315,1300,TRUE
2670,1300,TRUE
240,1303,TRUE
1147,1303,TRUE
1397,1303,TRUE
1429,1303,TRUE
2236,1303,TRUE
2419,1303,TRUE
2941,1303,TRUE
3015,1303,TRUE
3124,1303,TRUE
3907,1303,TRUE
2428,1304,TRUE
245,1305,TRUE
708,1307,TRUE
3576,1307,TRUE
1309,1308,TRUE
1308,1309,TRUE
1941,1311,TRUE
2762,1311,TRUE
4024,1311,TRUE
199,1313,TRUE
877,1313,TRUE
1300,1315,TRUE
2670,1315,TRUE
3892,1323,TRUE
1387,1324,TRUE
1909,1324,TRUE
53,1325,TRUE
311,1325,TRUE
442,1325,TRUE
3385,1325,TRUE
3428,1325,TRUE
3271,1327,TRUE
3285,1327,TRUE
1480,1329,TRUE
2276,1329,TRUE
3248,1329,TRUE
581,1331,TRUE
993,1331,TRUE
1858,1331,TRUE
194,1332,TRUE
579,1332,TRUE
1918,1332,TRUE
1940,1332,TRUE
2250,1332,TRUE
3171,1332,TRUE
3178,1332,TRUE
3237,1332,TRUE
3510,1332,TRUE
3763,1332,TRUE
190,1334,TRUE
1337,1336,TRUE
2024,1336,TRUE
2036,1336,TRUE
2087,1336,TRUE
2671,1336,TRUE
179,1337,TRUE
1336,1337,TRUE
1442,1337,TRUE
1742,1337,TRUE
1744,1337,TRUE
1919,1337,TRUE
1922,1337,TRUE
2533,1337,TRUE
2945,1337,TRUE
1400,1342,TRUE
1480,1342,TRUE
1884,1342,TRUE
2276,1342,TRUE
2630,1342,TRUE
2925,1342,TRUE
3082,1342,TRUE
1429,1343,TRUE
1455,1344,TRUE
1840,1344,TRUE
2145,1344,TRUE
3242,1344,TRUE
26,1345,TRUE
975,1350,TRUE
2711,1350,TRUE
525,1351,TRUE
1039,1351,TRUE
1353,1352,TRUE
1352,1353,TRUE
2186,1353,TRUE
14,1354,TRUE
2180,1354,TRUE
2418,1354,TRUE
2836,1354,TRUE
1429,1355,TRUE
1361,1358,TRUE
1933,1358,TRUE
2044,1358,TRUE
3140,1358,TRUE
2311,1359,TRUE
2416,1359,TRUE
3478,1359,TRUE
3971,1359,TRUE
161,1360,TRUE
1405,1360,TRUE
1442,1360,TRUE
1727,1360,TRUE
1872,1360,TRUE
2236,1360,TRUE
2604,1360,TRUE
1014,1361,TRUE
1358,1361,TRUE
1407,1361,TRUE
1429,1361,TRUE
1450,1361,TRUE
1771,1361,TRUE
1926,1361,TRUE
2044,1361,TRUE
2164,1361,TRUE
2167,1361,TRUE
2300,1361,TRUE
2327,1361,TRUE
2379,1361,TRUE
2710,1361,TRUE
2730,1361,TRUE
2030,1362,TRUE
2662,1362,TRUE
124,1363,TRUE
146,1363,TRUE
147,1363,TRUE
154,1363,TRUE
155,1363,TRUE
194,1363,TRUE
250,1363,TRUE
262,1363,TRUE
325,1363,TRUE
974,1363,TRUE
976,1363,TRUE
1016,1363,TRUE
1290,1363,TRUE
1364,1363,TRUE
1438,1363,TRUE
1512,1363,TRUE
1561,1363,TRUE
2314,1363,TRUE
2324,1363,TRUE
2369,1363,TRUE
2373,1363,TRUE
2962,1363,TRUE
115,1364,TRUE
147,1364,TRUE
154,1364,TRUE
361,1364,TRUE
706,1364,TRUE
769,1364,TRUE
1014,1364,TRUE
1043,1364,TRUE
1290,1364,TRUE
1363,1364,TRUE
1552,1364,TRUE
1621,1364,TRUE
1772,1364,TRUE
1859,1364,TRUE
1901,1364,TRUE
2015,1364,TRUE
2185,1364,TRUE
2287,1364,TRUE
2330,1364,TRUE
2340,1364,TRUE
2366,1364,TRUE
2429,1364,TRUE
2636,1364,TRUE
2782,1364,TRUE
3162,1364,TRUE
3164,1364,TRUE
3961,1364,TRUE
1290,1365,TRUE
1451,1365,TRUE
2014,1365,TRUE
2236,1365,TRUE
2930,1365,TRUE
3920,1365,TRUE
3921,1365,TRUE
1401,1366,TRUE
1927,1366,TRUE
3962,1366,TRUE
2746,1367,TRUE
3010,1367,TRUE
215,1368,TRUE
1413,1368,TRUE
89,1369,TRUE
1972,1369,TRUE
2733,1369,TRUE
2809,1369,TRUE
3167,1369,TRUE
46,1370,TRUE
1836,1370,TRUE
2301,1370,TRUE
1419,1372,TRUE
1518,1372,TRUE
1495,1373,TRUE
2276,1373,TRUE
2049,1375,TRUE
2301,1375,TRUE
3182,1375,TRUE
3982,1376,TRUE
396,1377,TRUE
2164,1377,TRUE
2327,1377,TRUE
706,1378,TRUE
856,1378,TRUE
1397,1378,TRUE
1443,1378,TRUE
2049,1378,TRUE
3226,1378,TRUE
1920,1380,TRUE
252,1384,TRUE
2361,1384,TRUE
2299,1385,TRUE
2482,1385,TRUE
2657,1385,TRUE
3747,1385,TRUE
1724,1386,TRUE
1324,1387,TRUE
1421,1387,TRUE
1909,1387,TRUE
3056,1388,TRUE
56,1390,TRUE
3175,1391,TRUE
2000,1392,TRUE
1397,1393,TRUE
2102,1393,TRUE
2250,1393,TRUE
2317,1393,TRUE
2846,1393,TRUE
2848,1393,TRUE
1847,1395,TRUE
2058,1395,TRUE
2125,1395,TRUE
2473,1395,TRUE
1422,1396,TRUE
769,1397,TRUE
1303,1397,TRUE
1378,1397,TRUE
1393,1397,TRUE
1414,1397,TRUE
1457,1397,TRUE
1621,1397,TRUE
1833,1397,TRUE
2102,1397,TRUE
2250,1397,TRUE
2317,1397,TRUE
2389,1397,TRUE
2422,1397,TRUE
2940,1397,TRUE
3164,1397,TRUE
4057,1397,TRUE
2051,1398,TRUE
121,1399,TRUE
199,1399,TRUE
1459,1399,TRUE
1524,1399,TRUE
1835,1399,TRUE
2016,1399,TRUE
2234,1399,TRUE
1342,1400,TRUE
1410,1400,TRUE
2301,1400,TRUE
2925,1400,TRUE
2944,1400,TRUE
119,1401,TRUE
1366,1401,TRUE
1908,1401,TRUE
1961,1401,TRUE
2129,1401,TRUE
2287,1401,TRUE
2773,1401,TRUE
2794,1401,TRUE
3123,1401,TRUE
1403,1402,TRUE
1404,1402,TRUE
1860,1402,TRUE
2301,1402,TRUE
3182,1402,TRUE
1402,1403,TRUE
2301,1403,TRUE
4009,1403,TRUE
1402,1404,TRUE
2732,1404,TRUE
161,1405,TRUE
215,1405,TRUE
386,1405,TRUE
1293,1405,TRUE
1360,1405,TRUE
1646,1405,TRUE
1729,1405,TRUE
1814,1405,TRUE
1815,1405,TRUE
1859,1405,TRUE
1918,1405,TRUE
1962,1405,TRUE
1972,1405,TRUE
2004,1405,TRUE
2005,1405,TRUE
2102,1405,TRUE
2522,1405,TRUE
2579,1405,TRUE
2759,1405,TRUE
3119,1405,TRUE
3979,1405,TRUE
1361,1407,TRUE
1998,1407,TRUE
1930,1408,TRUE
2119,1409,TRUE
2301,1409,TRUE
1400,1410,TRUE
125,1411,TRUE
2345,1411,TRUE
1368,1413,TRUE
1924,1413,TRUE
2423,1413,TRUE
1397,1414,TRUE
1730,1415,TRUE
147,1416,TRUE
2473,1417,TRUE
146,1418,TRUE
1372,1419,TRUE
1434,1419,TRUE
1443,1419,TRUE
1518,1419,TRUE
226,1420,TRUE
1290,1420,TRUE
1927,1420,TRUE
2706,1420,TRUE
2730,1420,TRUE
1387,1421,TRUE
1909,1421,TRUE
1396,1422,TRUE
2071,1422,TRUE
2025,1424,TRUE
1613,1426,TRUE
2613,1426,TRUE
709,1428,TRUE
693,1429,TRUE
793,1429,TRUE
971,1429,TRUE
1303,1429,TRUE
1343,1429,TRUE
1355,1429,TRUE
1361,1429,TRUE
1524,1429,TRUE
2164,1429,TRUE
2236,1429,TRUE
2737,1429,TRUE
2741,1429,TRUE
3093,1429,TRUE
3138,1429,TRUE
158,1430,TRUE
580,1430,TRUE
1725,1430,TRUE
3656,1430,TRUE
1925,1431,TRUE
29,1433,TRUE
1807,1433,TRUE
2317,1433,TRUE
2402,1433,TRUE
1419,1434,TRUE
2382,1435,TRUE
3177,1436,TRUE
111,1438,TRUE
124,1438,TRUE
146,1438,TRUE
154,1438,TRUE
155,1438,TRUE
159,1438,TRUE
250,1438,TRUE
551,1438,TRUE
975,1438,TRUE
976,1438,TRUE
1016,1438,TRUE
1363,1438,TRUE
1873,1438,TRUE
1882,1438,TRUE
2324,1438,TRUE
2373,1438,TRUE
2377,1438,TRUE
2680,1438,TRUE
2687,1438,TRUE
2688,1438,TRUE
2699,1438,TRUE
2345,1440,TRUE
179,1442,TRUE
194,1442,TRUE
856,1442,TRUE
1337,1442,TRUE
1360,1442,TRUE
1742,1442,TRUE
1987,1442,TRUE
2024,1442,TRUE
2032,1442,TRUE
2036,1442,TRUE
2072,1442,TRUE
2236,1442,TRUE
2533,1442,TRUE
1378,1443,TRUE
1419,1443,TRUE
3226,1443,TRUE
2769,1444,TRUE
2978,1447,TRUE
2016,1448,TRUE
3707,1448,TRUE
1918,1449,TRUE
1945,1449,TRUE
1014,1450,TRUE
1361,1450,TRUE
1451,1450,TRUE
2004,1450,TRUE
2106,1450,TRUE
2164,1450,TRUE
2178,1450,TRUE
2820,1450,TRUE
2935,1450,TRUE
3085,1450,TRUE
1014,1451,TRUE
1365,1451,TRUE
1450,1451,TRUE
2014,1451,TRUE
2164,1451,TRUE
2231,1451,TRUE
2770,1451,TRUE
244,1452,TRUE
880,1452,TRUE
1478,1452,TRUE
2300,1452,TRUE
693,1453,TRUE
2929,1453,TRUE
250,1455,TRUE
1344,1455,TRUE
2680,1455,TRUE
2708,1455,TRUE
2714,1455,TRUE
399,1456,TRUE
253,1457,TRUE
1397,1457,TRUE
1833,1457,TRUE
2389,1457,TRUE
561,1458,TRUE
1399,1459,TRUE
2131,1459,TRUE
2295,1460,TRUE
1462,1461,TRUE
2584,1461,TRUE
1461,1462,TRUE
2584,1462,TRUE
1473,1463,TRUE
1474,1463,TRUE
1750,1463,TRUE
3736,1463,TRUE
3737,1463,TRUE
3738,1463,TRUE
36,1464,TRUE
2439,1464,TRUE
159,1466,TRUE
3605,1468,TRUE
432,1469,TRUE
2425,1469,TRUE
2439,1469,TRUE
2803,1469,TRUE
3854,1469,TRUE
1987,1471,TRUE
51,1472,TRUE
205,1472,TRUE
1463,1473,TRUE
1474,1473,TRUE
1463,1474,TRUE
1473,1474,TRUE
1483,1475,TRUE
1014,1476,TRUE
1477,1476,TRUE
1777,1476,TRUE
1778,1476,TRUE
1787,1476,TRUE
1834,1476,TRUE
1947,1476,TRUE
1948,1476,TRUE
2049,1476,TRUE
2065,1476,TRUE
2068,1476,TRUE
2069,1476,TRUE
2098,1476,TRUE
2281,1476,TRUE
2934,1476,TRUE
3504,1476,TRUE
1476,1477,TRUE
1777,1477,TRUE
1778,1477,TRUE
1787,1477,TRUE
1834,1477,TRUE
2068,1477,TRUE
2098,1477,TRUE
2934,1477,TRUE
245,1478,TRUE
581,1478,TRUE
1089,1478,TRUE
1452,1478,TRUE
1534,1478,TRUE
1561,1478,TRUE
2401,1478,TRUE
2409,1478,TRUE
156,1480,TRUE
1329,1480,TRUE
1342,1480,TRUE
2008,1480,TRUE
2276,1480,TRUE
2314,1480,TRUE
2411,1480,TRUE
2456,1480,TRUE
2630,1480,TRUE
1483,1481,TRUE
2819,1481,TRUE
1475,1483,TRUE
1481,1483,TRUE
1976,1483,TRUE
2301,1483,TRUE
2455,1483,TRUE
2650,1483,TRUE
2728,1483,TRUE
1553,1485,TRUE
1715,1486,TRUE
1801,1486,TRUE
2845,1486,TRUE
3132,1486,TRUE
3170,1486,TRUE
2469,1488,TRUE
2470,1488,TRUE
1490,1489,TRUE
2030,1489,TRUE
2158,1489,TRUE
2214,1489,TRUE
2587,1489,TRUE
2936,1489,TRUE
3219,1489,TRUE
1489,1490,TRUE
2214,1490,TRUE
434,1491,TRUE
50,1492,TRUE
56,1492,TRUE
2682,1492,TRUE
2838,1492,TRUE
1971,1493,TRUE
21,1494,TRUE
65,1494,TRUE
100,1494,TRUE
124,1494,TRUE
162,1494,TRUE
165,1494,TRUE
622,1494,TRUE
1138,1494,TRUE
1258,1494,TRUE
1496,1494,TRUE
1499,1494,TRUE
1723,1494,TRUE
1750,1494,TRUE
1773,1494,TRUE
1776,1494,TRUE
1837,1494,TRUE
1994,1494,TRUE
2897,1494,TRUE
3780,1494,TRUE
3782,1494,TRUE
3803,1494,TRUE
3839,1494,TRUE
1373,1495,TRUE
1975,1495,TRUE
1985,1495,TRUE
1986,1495,TRUE
2817,1495,TRUE
1494,1496,TRUE
3839,1496,TRUE
173,1498,TRUE
215,1499,TRUE
1494,1499,TRUE
2306,1499,TRUE
2350,1499,TRUE
2679,1499,TRUE
3137,1499,TRUE
1556,1500,TRUE
1819,1502,TRUE
1016,1503,TRUE
1505,1504,TRUE
1504,1505,TRUE
2396,1505,TRUE
2559,1505,TRUE
1184,1507,TRUE
2811,1508,TRUE
198,1509,TRUE
1069,1509,TRUE
1122,1509,TRUE
2460,1509,TRUE
3886,1509,TRUE
230,1510,TRUE
438,1510,TRUE
551,1510,TRUE
2455,1510,TRUE
2765,1510,TRUE
71,1511,TRUE
1016,1511,TRUE
1016,1512,TRUE
1363,1512,TRUE
1298,1513,TRUE
2697,1513,TRUE
151,1514,TRUE
3612,1515,TRUE
2087,1516,TRUE
1372,1518,TRUE
1419,1518,TRUE
464,1521,TRUE
41,1524,TRUE
49,1524,TRUE
102,1524,TRUE
194,1524,TRUE
971,1524,TRUE
1399,1524,TRUE
1429,1524,TRUE
1835,1524,TRUE
1957,1524,TRUE
2003,1524,TRUE
2234,1524,TRUE
2236,1524,TRUE
2241,1524,TRUE
2246,1524,TRUE
2259,1524,TRUE
2264,1524,TRUE
2527,1524,TRUE
2573,1524,TRUE
2731,1524,TRUE
2747,1524,TRUE
2944,1524,TRUE
3050,1524,TRUE
3160,1524,TRUE
3238,1524,TRUE
4019,1524,TRUE
1768,1526,TRUE
1769,1526,TRUE
3335,1527,TRUE
2675,1528,TRUE
880,1530,TRUE
2315,1530,TRUE
2393,1530,TRUE
2740,1533,TRUE
1089,1534,TRUE
1478,1534,TRUE
1561,1534,TRUE
3869,1534,TRUE
401,1535,TRUE
65,1536,TRUE
1244,1536,TRUE
1742,1536,TRUE
1750,1536,TRUE
1804,1536,TRUE
2272,1536,TRUE
2294,1536,TRUE
2299,1536,TRUE
2437,1536,TRUE
2445,1536,TRUE
3691,1536,TRUE
3815,1536,TRUE
148,1537,TRUE
2338,1537,TRUE
3459,1537,TRUE
30,1538,TRUE
643,1539,TRUE
995,1539,TRUE
2129,1540,TRUE
1925,1541,TRUE
433,1542,TRUE
2227,1542,TRUE
2180,1543,TRUE
2911,1543,TRUE
711,1544,TRUE
1934,1546,TRUE
3651,1546,TRUE
1790,1547,TRUE
1554,1548,TRUE
1558,1548,TRUE
1600,1548,TRUE
2640,1548,TRUE
2014,1549,TRUE
1364,1552,TRUE
2185,1552,TRUE
1485,1553,TRUE
1548,1554,TRUE
1557,1554,TRUE
1558,1554,TRUE
1290,1555,TRUE
1500,1556,TRUE
1597,1556,TRUE
1554,1557,TRUE
1548,1558,TRUE
1554,1558,TRUE
479,1560,TRUE
17,1561,TRUE
113,1561,TRUE
138,1561,TRUE
150,1561,TRUE
157,1561,TRUE
198,1561,TRUE
228,1561,TRUE
233,1561,TRUE
262,1561,TRUE
325,1561,TRUE
488,1561,TRUE
1015,1561,TRUE
1069,1561,TRUE
1089,1561,TRUE
1363,1561,TRUE
1478,1561,TRUE
1534,1561,TRUE
1588,1561,TRUE
1612,1561,TRUE
1666,1561,TRUE
1673,1561,TRUE
1674,1561,TRUE
1677,1561,TRUE
1810,1561,TRUE
1817,1561,TRUE
1818,1561,TRUE
1831,1561,TRUE
2237,1561,TRUE
2831,1561,TRUE
2882,1561,TRUE
2962,1561,TRUE
3357,1561,TRUE
3361,1561,TRUE
3835,1561,TRUE
282,1562,TRUE
1749,1562,TRUE
1565,1563,TRUE
2442,1564,TRUE
1563,1565,TRUE
1581,1565,TRUE
1804,1568,TRUE
2642,1568,TRUE
2884,1568,TRUE
2893,1568,TRUE
64,1571,TRUE
3280,1571,TRUE
64,1572,TRUE
169,1572,TRUE
1574,1572,TRUE
1577,1572,TRUE
325,1573,TRUE
169,1574,TRUE
1572,1574,TRUE
1575,1574,TRUE
1577,1574,TRUE
169,1575,TRUE
1574,1575,TRUE
3838,1575,TRUE
1572,1577,TRUE
1574,1577,TRUE
831,1578,TRUE
160,1579,TRUE
2806,1580,TRUE
1565,1581,TRUE
1174,1587,TRUE
1682,1587,TRUE
2763,1587,TRUE
3302,1587,TRUE
3619,1587,TRUE
3746,1587,TRUE
3748,1587,TRUE
1561,1588,TRUE
1677,1588,TRUE
3881,1589,TRUE
1597,1596,TRUE
1556,1597,TRUE
1596,1597,TRUE
1548,1600,TRUE
2587,1600,TRUE
3180,1600,TRUE
91,1602,TRUE
505,1603,TRUE
278,1604,TRUE
287,1604,TRUE
854,1607,TRUE
821,1608,TRUE
1561,1612,TRUE
2005,1612,TRUE
2006,1612,TRUE
1426,1613,TRUE
2613,1613,TRUE
2627,1615,TRUE
1157,1616,TRUE
2192,1616,TRUE
1157,1618,TRUE
1847,1619,TRUE
800,1620,TRUE
1364,1621,TRUE
1397,1621,TRUE
2422,1621,TRUE
2636,1621,TRUE
3961,1621,TRUE
258,1626,TRUE
67,1628,TRUE
2609,1628,TRUE
1633,1630,TRUE
2299,1630,TRUE
3218,1631,TRUE
1630,1633,TRUE
2299,1633,TRUE
2805,1634,TRUE
1224,1635,TRUE
1648,1635,TRUE
1845,1637,TRUE
2430,1637,TRUE
3047,1637,TRUE
3189,1639,TRUE
431,1640,TRUE
1204,1641,TRUE
2022,1641,TRUE
2401,1641,TRUE
3354,1641,TRUE
1405,1646,TRUE
1224,1648,TRUE
1635,1648,TRUE
125,1650,TRUE
2586,1651,TRUE
48,1655,TRUE
194,1656,TRUE
793,1656,TRUE
2123,1656,TRUE
334,1657,TRUE
460,1658,TRUE
325,1661,TRUE
1016,1661,TRUE
1210,1661,TRUE
1823,1661,TRUE
2477,1661,TRUE
2611,1661,TRUE
3153,1661,TRUE
3203,1661,TRUE
411,1663,TRUE
1033,1664,TRUE
995,1665,TRUE
1561,1666,TRUE
1225,1667,TRUE
1867,1669,TRUE
3792,1669,TRUE
415,1671,TRUE
1683,1671,TRUE
2438,1671,TRUE
3486,1671,TRUE
3717,1671,TRUE
1016,1672,TRUE
17,1673,TRUE
71,1673,TRUE
150,1673,TRUE
157,1673,TRUE
233,1673,TRUE
325,1673,TRUE
975,1673,TRUE
976,1673,TRUE
1047,1673,TRUE
1561,1673,TRUE
1674,1673,TRUE
1817,1673,TRUE
1818,1673,TRUE
3100,1673,TRUE
17,1674,TRUE
197,1674,TRUE
198,1674,TRUE
233,1674,TRUE
325,1674,TRUE
1069,1674,TRUE
1561,1674,TRUE
1673,1674,TRUE
1817,1674,TRUE
1818,1674,TRUE
3100,1674,TRUE
1232,1675,TRUE
3106,1675,TRUE
113,1677,TRUE
1561,1677,TRUE
1588,1677,TRUE
3087,1678,TRUE
1226,1680,TRUE
2271,1681,TRUE
1202,1682,TRUE
1587,1682,TRUE
3748,1682,TRUE
1671,1683,TRUE
3486,1683,TRUE
3717,1683,TRUE
2595,1686,TRUE
1916,1688,TRUE
2746,1689,TRUE
1148,1690,TRUE
2049,1695,TRUE
2096,1695,TRUE
1255,1696,TRUE
132,1698,TRUE
2297,1698,TRUE
278,1700,TRUE
2093,1701,TRUE
2094,1701,TRUE
2457,1701,TRUE
428,1706,TRUE
3256,1706,TRUE
600,1708,TRUE
1032,1708,TRUE
33,1709,TRUE
423,1709,TRUE
1710,1709,TRUE
3563,1709,TRUE
33,1710,TRUE
423,1710,TRUE
1709,1710,TRUE
2663,1710,TRUE
3563,1710,TRUE
2523,1711,TRUE
2558,1712,TRUE
1721,1713,TRUE
3330,1713,TRUE
971,1715,TRUE
1033,1715,TRUE
1486,1715,TRUE
1801,1715,TRUE
2553,1715,TRUE
2575,1715,TRUE
2646,1715,TRUE
1720,1716,TRUE
1880,1716,TRUE
1853,1718,TRUE
2598,1718,TRUE
3317,1718,TRUE
3516,1718,TRUE
3532,1718,TRUE
1716,1720,TRUE
1880,1720,TRUE
1713,1721,TRUE
3107,1721,TRUE
3284,1721,TRUE
1176,1722,TRUE
21,1723,TRUE
622,1723,TRUE
1494,1723,TRUE
3368,1723,TRUE
169,1724,TRUE
1386,1724,TRUE
580,1725,TRUE
1430,1725,TRUE
1360,1727,TRUE
1405,1729,TRUE
2003,1729,TRUE
2004,1729,TRUE
2005,1729,TRUE
3231,1729,TRUE
1055,1730,TRUE
1415,1730,TRUE
2093,1730,TRUE
2180,1730,TRUE
2189,1730,TRUE
2996,1730,TRUE
1741,1732,TRUE
756,1735,TRUE
831,1735,TRUE
2993,1735,TRUE
528,1737,TRUE
1129,1737,TRUE
1204,1737,TRUE
1804,1737,TRUE
2147,1737,TRUE
2221,1737,TRUE
2425,1737,TRUE
3295,1737,TRUE
1739,1738,TRUE
472,1739,TRUE
1738,1739,TRUE
2337,1739,TRUE
3725,1739,TRUE
3726,1739,TRUE
2881,1740,TRUE
1732,1741,TRUE
856,1742,TRUE
1110,1742,TRUE
1337,1742,TRUE
1442,1742,TRUE
1536,1742,TRUE
1744,1742,TRUE
2032,1742,TRUE
2272,1742,TRUE
2445,1742,TRUE
2645,1742,TRUE
2877,1742,TRUE
3860,1742,TRUE
1337,1744,TRUE
1742,1744,TRUE
2396,1744,TRUE
3856,1744,TRUE
168,1746,TRUE
282,1749,TRUE
1562,1749,TRUE
1258,1750,TRUE
1463,1750,TRUE
1494,1750,TRUE
1536,1750,TRUE
1804,1750,TRUE
2504,1750,TRUE
3691,1750,TRUE
535,1751,TRUE
1126,1751,TRUE
3636,1751,TRUE
3771,1751,TRUE
415,1753,TRUE
3777,1753,TRUE
881,1757,TRUE
699,1758,TRUE
2722,1763,TRUE
256,1764,TRUE
3077,1766,TRUE
3078,1766,TRUE
2690,1767,TRUE
1526,1768,TRUE
1769,1768,TRUE
1526,1769,TRUE
1768,1769,TRUE
2067,1770,TRUE
1361,1771,TRUE
3358,1771,TRUE
154,1772,TRUE
706,1772,TRUE
1364,1772,TRUE
100,1773,TRUE
1494,1773,TRUE
1837,1773,TRUE
394,1774,TRUE
3278,1774,TRUE
3626,1775,TRUE
1494,1776,TRUE
1994,1776,TRUE
1476,1777,TRUE
1477,1777,TRUE
1778,1777,TRUE
1787,1777,TRUE
2098,1777,TRUE
2934,1777,TRUE
1476,1778,TRUE
1477,1778,TRUE
1777,1778,TRUE
2098,1778,TRUE
975,1779,TRUE
1782,1781,TRUE
1781,1782,TRUE
98,1783,TRUE
1877,1783,TRUE
2793,1783,TRUE
113,1784,TRUE
124,1784,TRUE
142,1784,TRUE
154,1784,TRUE
198,1784,TRUE
250,1784,TRUE
1016,1784,TRUE
1822,1784,TRUE
1823,1784,TRUE
2249,1784,TRUE
2429,1784,TRUE
3153,1784,TRUE
330,1786,TRUE
3473,1786,TRUE
3551,1786,TRUE
1476,1787,TRUE
1477,1787,TRUE
1777,1787,TRUE
2098,1787,TRUE
2934,1787,TRUE
3131,1789,TRUE
1547,1790,TRUE
1902,1791,TRUE
1144,1792,TRUE
133,1793,TRUE
415,1795,TRUE
2049,1797,TRUE
1800,1798,TRUE
2553,1798,TRUE
2983,1798,TRUE
1798,1800,TRUE
2983,1800,TRUE
93,1801,TRUE
1014,1801,TRUE
1486,1801,TRUE
1715,1801,TRUE
1844,1801,TRUE
1960,1801,TRUE
2230,1801,TRUE
2342,1801,TRUE
2755,1801,TRUE
3123,1801,TRUE
3132,1801,TRUE
3170,1801,TRUE
3474,1801,TRUE
971,1802,TRUE
1838,1802,TRUE
2133,1802,TRUE
2164,1802,TRUE
1804,1803,TRUE
2143,1803,TRUE
528,1804,TRUE
1204,1804,TRUE
1536,1804,TRUE
1568,1804,TRUE
1737,1804,TRUE
1750,1804,TRUE
1803,1804,TRUE
2143,1804,TRUE
2155,1804,TRUE
2156,1804,TRUE
2328,1804,TRUE
2413,1804,TRUE
2642,1804,TRUE
2884,1804,TRUE
2893,1804,TRUE
3658,1804,TRUE
551,1807,TRUE
1433,1807,TRUE
2288,1807,TRUE
161,1808,TRUE
3105,1808,TRUE
978,1809,TRUE
2310,1809,TRUE
1561,1810,TRUE
2831,1810,TRUE
1405,1814,TRUE
1815,1814,TRUE
2436,1814,TRUE
2852,1814,TRUE
1405,1815,TRUE
1814,1815,TRUE
2146,1815,TRUE
118,1816,TRUE
17,1817,TRUE
150,1817,TRUE
198,1817,TRUE
233,1817,TRUE
325,1817,TRUE
1010,1817,TRUE
1011,1817,TRUE
1069,1817,TRUE
1257,1817,TRUE
1561,1817,TRUE
1673,1817,TRUE
1674,1817,TRUE
1818,1817,TRUE
2134,1817,TRUE
2296,1817,TRUE
2297,1817,TRUE
2336,1817,TRUE
2415,1817,TRUE
2421,1817,TRUE
3100,1817,TRUE
17,1818,TRUE
233,1818,TRUE
1561,1818,TRUE
1673,1818,TRUE
1674,1818,TRUE
1817,1818,TRUE
1502,1819,TRUE
237,1820,TRUE
124,1822,TRUE
142,1822,TRUE
1016,1822,TRUE
1784,1822,TRUE
3153,1822,TRUE
124,1823,TRUE
142,1823,TRUE
250,1823,TRUE
1016,1823,TRUE
1661,1823,TRUE
1784,1823,TRUE
2477,1823,TRUE
3207,1823,TRUE
1873,1825,TRUE
3154,1825,TRUE
3207,1825,TRUE
158,1826,TRUE
199,1826,TRUE
208,1826,TRUE
551,1826,TRUE
2418,1826,TRUE
3061,1826,TRUE
3200,1826,TRUE
1990,1827,TRUE
2708,1827,TRUE
13,1830,TRUE
124,1830,TRUE
142,1830,TRUE
1561,1831,TRUE
2022,1832,TRUE
2433,1832,TRUE
2698,1832,TRUE
3354,1832,TRUE
188,1833,TRUE
993,1833,TRUE
1397,1833,TRUE
1457,1833,TRUE
2389,1833,TRUE
2431,1833,TRUE
1476,1834,TRUE
1477,1834,TRUE
2068,1834,TRUE
2069,1834,TRUE
2119,1834,TRUE
2376,1834,TRUE
1399,1835,TRUE
1524,1835,TRUE
2012,1835,TRUE
2236,1835,TRUE
46,1836,TRUE
1370,1836,TRUE
100,1837,TRUE
1494,1837,TRUE
1773,1837,TRUE
1838,1837,TRUE
2664,1837,TRUE
100,1838,TRUE
877,1838,TRUE
1802,1838,TRUE
1837,1838,TRUE
1958,1838,TRUE
2664,1838,TRUE
1344,1840,TRUE
1255,1843,TRUE
43,1844,TRUE
1014,1844,TRUE
1801,1844,TRUE
1936,1844,TRUE
2181,1844,TRUE
2236,1844,TRUE
3132,1844,TRUE
1637,1845,TRUE
3047,1845,TRUE
237,1846,TRUE
310,1846,TRUE
1180,1846,TRUE
1864,1846,TRUE
1865,1846,TRUE
1395,1847,TRUE
1619,1847,TRUE
1884,1847,TRUE
1926,1847,TRUE
2018,1847,TRUE
2058,1847,TRUE
2125,1847,TRUE
1865,1849,TRUE
2256,1850,TRUE
1718,1853,TRUE
2598,1853,TRUE
212,1855,TRUE
2309,1855,TRUE
3468,1856,TRUE
993,1858,TRUE
1331,1858,TRUE
161,1859,TRUE
386,1859,TRUE
1364,1859,TRUE
1405,1859,TRUE
2145,1859,TRUE
2287,1859,TRUE
716,1860,TRUE
1402,1860,TRUE
2301,1860,TRUE
2574,1860,TRUE
2756,1860,TRUE
3123,1860,TRUE
3182,1860,TRUE
415,1861,TRUE
2355,1861,TRUE
2766,1862,TRUE
116,1863,TRUE
237,1864,TRUE
310,1864,TRUE
1846,1864,TRUE
237,1865,TRUE
310,1865,TRUE
693,1865,TRUE
1846,1865,TRUE
1849,1865,TRUE
2164,1865,TRUE
1669,1867,TRUE
3792,1867,TRUE
325,1870,TRUE
330,1870,TRUE
1125,1870,TRUE
3875,1870,TRUE
1360,1872,TRUE
551,1873,TRUE
1438,1873,TRUE
1825,1873,TRUE
2245,1873,TRUE
2454,1873,TRUE
3154,1873,TRUE
470,1874,TRUE
991,1874,TRUE
991,1875,TRUE
1783,1877,TRUE
162,1878,TRUE
2556,1878,TRUE
48,1879,TRUE
2408,1879,TRUE
1716,1880,TRUE
1720,1880,TRUE
14,1882,TRUE
154,1882,TRUE
1438,1882,TRUE
2418,1882,TRUE
2687,1882,TRUE
2911,1882,TRUE
3283,1882,TRUE
1043,1884,TRUE
1342,1884,TRUE
1847,1884,TRUE
2324,1884,TRUE
2496,1884,TRUE
2692,1884,TRUE
2729,1884,TRUE
2311,1885,TRUE
2923,1885,TRUE
2301,1886,TRUE
3055,1887,TRUE
3355,1888,TRUE
43,1889,TRUE
648,1889,TRUE
896,1889,TRUE
1897,1891,TRUE
3549,1892,TRUE
1160,1893,TRUE
2117,1896,TRUE
1891,1897,TRUE
1043,1898,TRUE
1044,1898,TRUE
1121,1898,TRUE
831,1901,TRUE
1364,1901,TRUE
2400,1901,TRUE
195,1902,TRUE
1016,1902,TRUE
1210,1902,TRUE
1791,1902,TRUE
3153,1902,TRUE
1016,1903,TRUE
2213,1905,TRUE
61,1906,TRUE
528,1906,TRUE
1910,1906,TRUE
2203,1906,TRUE
2028,1907,TRUE
1401,1908,TRUE
1324,1909,TRUE
1387,1909,TRUE
1421,1909,TRUE
61,1910,TRUE
528,1910,TRUE
1906,1910,TRUE
2203,1910,TRUE
2026,1912,TRUE
2587,1912,TRUE
1210,1913,TRUE
259,1915,TRUE
1688,1916,TRUE
3794,1916,TRUE
1332,1918,TRUE
1405,1918,TRUE
1449,1918,TRUE
1919,1918,TRUE
1922,1918,TRUE
1925,1918,TRUE
1931,1918,TRUE
1932,1918,TRUE
1935,1918,TRUE
1943,1918,TRUE
1945,1918,TRUE
1952,1918,TRUE
1337,1919,TRUE
1918,1919,TRUE
1922,1919,TRUE
1925,1919,TRUE
2174,1919,TRUE
481,1920,TRUE
1380,1920,TRUE
1923,1920,TRUE
1925,1920,TRUE
1337,1922,TRUE
1918,1922,TRUE
1919,1922,TRUE
2174,1922,TRUE
1920,1923,TRUE
1924,1923,TRUE
3173,1923,TRUE
3645,1923,TRUE
3969,1923,TRUE
793,1924,TRUE
1413,1924,TRUE
1923,1924,TRUE
1927,1924,TRUE
2026,1924,TRUE
2102,1924,TRUE
2239,1924,TRUE
2255,1924,TRUE
3645,1924,TRUE
202,1925,TRUE
1431,1925,TRUE
1541,1925,TRUE
1918,1925,TRUE
1919,1925,TRUE
1920,1925,TRUE
1927,1925,TRUE
1943,1925,TRUE
1944,1925,TRUE
2758,1925,TRUE
4004,1925,TRUE
1361,1926,TRUE
1847,1926,TRUE
2529,1926,TRUE
1366,1927,TRUE
1420,1927,TRUE
1924,1927,TRUE
1925,1927,TRUE
1933,1928,TRUE
1938,1929,TRUE
1951,1929,TRUE
1408,1930,TRUE
1918,1931,TRUE
1932,1931,TRUE
1918,1932,TRUE
1931,1932,TRUE
793,1933,TRUE
1014,1933,TRUE
1358,1933,TRUE
1928,1933,TRUE
2265,1933,TRUE
2949,1933,TRUE
1546,1934,TRUE
2110,1934,TRUE
2532,1934,TRUE
2639,1934,TRUE
1918,1935,TRUE
89,1936,TRUE
1844,1936,TRUE
2181,1936,TRUE
4006,1936,TRUE
1929,1938,TRUE
1332,1940,TRUE
2669,1940,TRUE
2840,1940,TRUE
1311,1941,TRUE
1918,1943,TRUE
1925,1943,TRUE
1925,1944,TRUE
2925,1944,TRUE
1449,1945,TRUE
1918,1945,TRUE
1476,1947,TRUE
1948,1947,TRUE
2049,1947,TRUE
1476,1948,TRUE
1947,1948,TRUE
2049,1948,TRUE
2081,1949,TRUE
1244,1950,TRUE
1951,1950,TRUE
2490,1950,TRUE
1929,1951,TRUE
1950,1951,TRUE
3067,1951,TRUE
1918,1952,TRUE
3981,1954,TRUE
253,1955,TRUE
1152,1955,TRUE
194,1957,TRUE
1524,1957,TRUE
2576,1957,TRUE
2731,1957,TRUE
1838,1958,TRUE
1972,1959,TRUE
2759,1959,TRUE
3076,1959,TRUE
1014,1960,TRUE
1801,1960,TRUE
2030,1960,TRUE
2304,1960,TRUE
3123,1960,TRUE
194,1961,TRUE
1401,1961,TRUE
2794,1961,TRUE
1405,1962,TRUE
1964,1963,TRUE
3986,1963,TRUE
39,1964,TRUE
1963,1964,TRUE
2140,1964,TRUE
2524,1964,TRUE
2618,1964,TRUE
3491,1964,TRUE
3986,1964,TRUE
1967,1966,TRUE
2971,1966,TRUE
3064,1966,TRUE
3652,1966,TRUE
1966,1967,TRUE
413,1970,TRUE
1493,1971,TRUE
194,1972,TRUE
548,1972,TRUE
1369,1972,TRUE
1405,1972,TRUE
1959,1972,TRUE
1973,1972,TRUE
2004,1972,TRUE
2080,1972,TRUE
2123,1972,TRUE
2384,1972,TRUE
2733,1972,TRUE
2759,1972,TRUE
3212,1972,TRUE
194,1973,TRUE
548,1973,TRUE
1972,1973,TRUE
2080,1973,TRUE
2576,1973,TRUE
3155,1974,TRUE
3182,1974,TRUE
1172,1975,TRUE
1495,1975,TRUE
1985,1975,TRUE
1986,1975,TRUE
1483,1976,TRUE
2455,1976,TRUE
2308,1977,TRUE
158,1978,TRUE
199,1978,TRUE
1980,1979,TRUE
1979,1980,TRUE
2301,1981,TRUE
678,1982,TRUE
2557,1982,TRUE
3325,1982,TRUE
2236,1983,TRUE
2254,1983,TRUE
2933,1983,TRUE
3166,1983,TRUE
37,1984,TRUE
330,1984,TRUE
603,1984,TRUE
960,1984,TRUE
1043,1984,TRUE
1077,1984,TRUE
2296,1984,TRUE
2667,1984,TRUE
2999,1984,TRUE
3269,1984,TRUE
3472,1984,TRUE
1495,1985,TRUE
1975,1985,TRUE
1986,1985,TRUE
1495,1986,TRUE
1975,1986,TRUE
1985,1986,TRUE
1442,1987,TRUE
1471,1987,TRUE
1988,1987,TRUE
2180,1987,TRUE
1987,1988,TRUE
1827,1990,TRUE
2708,1990,TRUE
3091,1991,TRUE
975,1992,TRUE
1016,1992,TRUE
1138,1992,TRUE
1056,1993,TRUE
1494,1994,TRUE
1776,1994,TRUE
264,1995,TRUE
1016,1996,TRUE
2068,1996,TRUE
2687,1996,TRUE
971,1998,TRUE
1407,1998,TRUE
2324,1998,TRUE
1392,2000,TRUE
2193,2000,TRUE
960,2001,TRUE
1124,2001,TRUE
2177,2001,TRUE
3155,2001,TRUE
3484,2001,TRUE
1210,2002,TRUE
194,2003,TRUE
1524,2003,TRUE
1729,2003,TRUE
2005,2003,TRUE
2006,2003,TRUE
2275,2003,TRUE
3231,2003,TRUE
194,2004,TRUE
218,2004,TRUE
1405,2004,TRUE
1450,2004,TRUE
1729,2004,TRUE
1972,2004,TRUE
2005,2004,TRUE
2030,2004,TRUE
2102,2004,TRUE
2181,2004,TRUE
2287,2004,TRUE
2436,2004,TRUE
2522,2004,TRUE
2759,2004,TRUE
2935,2004,TRUE
3085,2004,TRUE
3119,2004,TRUE
3128,2004,TRUE
3151,2004,TRUE
3240,2004,TRUE
3924,2004,TRUE
194,2005,TRUE
1405,2005,TRUE
1612,2005,TRUE
1729,2005,TRUE
2003,2005,TRUE
2004,2005,TRUE
2006,2005,TRUE
2021,2005,TRUE
2181,2005,TRUE
2287,2005,TRUE
2436,2005,TRUE
1612,2006,TRUE
2003,2006,TRUE
2005,2006,TRUE
2021,2006,TRUE
2436,2006,TRUE
1480,2008,TRUE
2456,2008,TRUE
1835,2012,TRUE
2025,2013,TRUE
551,2014,TRUE
1365,2014,TRUE
1451,2014,TRUE
1549,2014,TRUE
2419,2014,TRUE
2450,2014,TRUE
2453,2014,TRUE
2770,2014,TRUE
2924,2014,TRUE
581,2015,TRUE
1364,2015,TRUE
1399,2016,TRUE
1448,2016,TRUE
3492,2016,TRUE
1847,2018,TRUE
433,2019,TRUE
2227,2019,TRUE
3094,2019,TRUE
2005,2021,TRUE
2006,2021,TRUE
2436,2021,TRUE
978,2022,TRUE
1641,2022,TRUE
1832,2022,TRUE
2149,2022,TRUE
2401,2022,TRUE
2407,2022,TRUE
2433,2022,TRUE
2698,2022,TRUE
3354,2022,TRUE
159,2024,TRUE
1336,2024,TRUE
1442,2024,TRUE
2032,2024,TRUE
2036,2024,TRUE
2087,2024,TRUE
2235,2024,TRUE
2671,2024,TRUE
1424,2025,TRUE
2013,2025,TRUE
1912,2026,TRUE
1924,2026,TRUE
2255,2026,TRUE
2408,2026,TRUE
2587,2026,TRUE
2733,2026,TRUE
35,2027,TRUE
1907,2028,TRUE
1362,2030,TRUE
1489,2030,TRUE
1960,2030,TRUE
2004,2030,TRUE
2158,2030,TRUE
2275,2030,TRUE
2436,2030,TRUE
2662,2030,TRUE
3210,2030,TRUE
3924,2030,TRUE
856,2032,TRUE
1442,2032,TRUE
1742,2032,TRUE
2024,2032,TRUE
2036,2032,TRUE
2235,2032,TRUE
2804,2034,TRUE
1336,2036,TRUE
1442,2036,TRUE
2024,2036,TRUE
2032,2036,TRUE
2087,2036,TRUE
2671,2036,TRUE
2075,2037,TRUE
1077,2043,TRUE
1358,2044,TRUE
1361,2044,TRUE
1016,2045,TRUE
240,2046,TRUE
2051,2046,TRUE
2048,2047,TRUE
2049,2047,TRUE
2047,2048,TRUE
2049,2048,TRUE
706,2049,TRUE
1375,2049,TRUE
1378,2049,TRUE
1476,2049,TRUE
1695,2049,TRUE
1797,2049,TRUE
1947,2049,TRUE
1948,2049,TRUE
2047,2049,TRUE
2048,2049,TRUE
2096,2049,TRUE
2180,2049,TRUE
2301,2049,TRUE
2411,2049,TRUE
2450,2049,TRUE
2927,2049,TRUE
3363,2050,TRUE
3690,2050,TRUE
1398,2051,TRUE
2046,2051,TRUE
2053,2052,TRUE
2052,2053,TRUE
3510,2054,TRUE
114,2058,TRUE
1395,2058,TRUE
1847,2058,TRUE
3019,2058,TRUE
3085,2058,TRUE
2060,2059,TRUE
2780,2059,TRUE
2059,2060,TRUE
2780,2060,TRUE
2088,2062,TRUE
3167,2063,TRUE
2093,2064,TRUE
2229,2064,TRUE
1014,2065,TRUE
1476,2065,TRUE
2180,2065,TRUE
1770,2067,TRUE
154,2068,TRUE
502,2068,TRUE
503,2068,TRUE
975,2068,TRUE
1016,2068,TRUE
1476,2068,TRUE
1477,2068,TRUE
1834,2068,TRUE
1996,2068,TRUE
2069,2068,TRUE
2411,2068,TRUE
2687,2068,TRUE
2948,2068,TRUE
3504,2068,TRUE
3508,2068,TRUE
3593,2068,TRUE
1476,2069,TRUE
1834,2069,TRUE
2068,2069,TRUE
2702,2069,TRUE
2713,2069,TRUE
3508,2069,TRUE
120,2070,TRUE
1422,2071,TRUE
1442,2072,TRUE
3074,2072,TRUE
3547,2072,TRUE
2770,2073,TRUE
2096,2074,TRUE
2037,2075,TRUE
2077,2076,TRUE
2158,2076,TRUE
2275,2076,TRUE
3216,2076,TRUE
2076,2077,TRUE
2158,2077,TRUE
3216,2077,TRUE
2085,2078,TRUE
2140,2079,TRUE
2972,2079,TRUE
3021,2079,TRUE
3075,2079,TRUE
3491,2079,TRUE
194,2080,TRUE
548,2080,TRUE
1972,2080,TRUE
1973,2080,TRUE
2384,2080,TRUE
1949,2081,TRUE
2093,2082,TRUE
2078,2085,TRUE
2086,2085,TRUE
2085,2086,TRUE
255,2087,TRUE
1336,2087,TRUE
1516,2087,TRUE
2024,2087,TRUE
2036,2087,TRUE
2671,2087,TRUE
2796,2087,TRUE
2062,2088,TRUE
2149,2091,TRUE
277,2092,TRUE
278,2092,TRUE
1701,2093,TRUE
1730,2093,TRUE
2064,2093,TRUE
2082,2093,TRUE
2094,2093,TRUE
2102,2093,TRUE
2239,2093,TRUE
2457,2093,TRUE
1701,2094,TRUE
2093,2094,TRUE
2260,2094,TRUE
2457,2094,TRUE
3041,2094,TRUE
1695,2096,TRUE
2049,2096,TRUE
2074,2096,TRUE
2097,2096,TRUE
2927,2096,TRUE
2096,2097,TRUE
1476,2098,TRUE
1477,2098,TRUE
1777,2098,TRUE
1778,2098,TRUE
1787,2098,TRUE
72,2099,TRUE
168,2100,TRUE
433,2100,TRUE
883,2100,TRUE
885,2100,TRUE
2202,2100,TRUE
2227,2100,TRUE
2286,2100,TRUE
2287,2100,TRUE
2289,2100,TRUE
2743,2101,TRUE
41,2102,TRUE
215,2102,TRUE
757,2102,TRUE
793,2102,TRUE
971,2102,TRUE
1275,2102,TRUE
1393,2102,TRUE
1397,2102,TRUE
1405,2102,TRUE
1924,2102,TRUE
2004,2102,TRUE
2093,2102,TRUE
2164,2102,TRUE
2165,2102,TRUE
2178,2102,TRUE
2239,2102,TRUE
2250,2102,TRUE
2256,2102,TRUE
2258,2102,TRUE
2259,2102,TRUE
2265,2102,TRUE
2317,2102,TRUE
2522,2102,TRUE
2561,2102,TRUE
2820,2102,TRUE
2935,2102,TRUE
3198,2102,TRUE
3544,2102,TRUE
4005,2103,TRUE
415,2104,TRUE
1450,2106,TRUE
3085,2106,TRUE
458,2107,TRUE
693,2109,TRUE
580,2110,TRUE
1934,2110,TRUE
423,2111,TRUE
3769,2114,TRUE
270,2115,TRUE
577,2115,TRUE
701,2115,TRUE
833,2115,TRUE
162,2116,TRUE
2838,2116,TRUE
1896,2117,TRUE
3403,2118,TRUE
15,2119,TRUE
1409,2119,TRUE
1834,2119,TRUE
2301,2119,TRUE
2376,2119,TRUE
194,2123,TRUE
793,2123,TRUE
1656,2123,TRUE
1972,2123,TRUE
2216,2123,TRUE
1395,2125,TRUE
1847,2125,TRUE
2730,2125,TRUE
1014,2126,TRUE
1401,2129,TRUE
1540,2129,TRUE
2301,2129,TRUE
2536,2130,TRUE
1459,2131,TRUE
1802,2133,TRUE
2304,2133,TRUE
1817,2134,TRUE
120,2135,TRUE
106,2136,TRUE
2276,2136,TRUE
2301,2136,TRUE
937,2138,TRUE
1964,2140,TRUE
2079,2140,TRUE
2524,2140,TRUE
2972,2140,TRUE
3021,2140,TRUE
2197,2141,TRUE
2219,2141,TRUE
2438,2141,TRUE
1803,2143,TRUE
1804,2143,TRUE
978,2144,TRUE
2606,2144,TRUE
230,2145,TRUE
1344,2145,TRUE
1859,2145,TRUE
1815,2146,TRUE
415,2147,TRUE
1737,2147,TRUE
2359,2147,TRUE
2438,2147,TRUE
2876,2147,TRUE
3688,2147,TRUE
978,2148,TRUE
2149,2148,TRUE
978,2149,TRUE
2022,2149,TRUE
2091,2149,TRUE
2148,2149,TRUE
2407,2149,TRUE
2925,2151,TRUE
1007,2152,TRUE
3070,2152,TRUE
3538,2152,TRUE
3539,2152,TRUE
376,2153,TRUE
1804,2155,TRUE
2156,2155,TRUE
1804,2156,TRUE
2155,2156,TRUE
1489,2158,TRUE
2030,2158,TRUE
2076,2158,TRUE
2077,2158,TRUE
2275,2158,TRUE
2436,2158,TRUE
2799,2158,TRUE
3220,2158,TRUE
153,2163,TRUE
669,2163,TRUE
3670,2163,TRUE
757,2164,TRUE
971,2164,TRUE
1277,2164,TRUE
1361,2164,TRUE
1377,2164,TRUE
1429,2164,TRUE
1450,2164,TRUE
1451,2164,TRUE
1802,2164,TRUE
1865,2164,TRUE
2102,2164,TRUE
2178,2164,TRUE
2327,2164,TRUE
3654,2164,TRUE
757,2165,TRUE
971,2165,TRUE
2102,2165,TRUE
1361,2167,TRUE
2730,2167,TRUE
2953,2167,TRUE
748,2168,TRUE
2301,2168,TRUE
2338,2168,TRUE
3889,2168,TRUE
3342,2169,TRUE
2171,2170,TRUE
2170,2171,TRUE
14,2172,TRUE
1159,2172,TRUE
788,2173,TRUE
3833,2173,TRUE
1919,2174,TRUE
1922,2174,TRUE
2660,2175,TRUE
3268,2176,TRUE
2001,2177,TRUE
3155,2177,TRUE
757,2178,TRUE
840,2178,TRUE
971,2178,TRUE
1014,2178,TRUE
1450,2178,TRUE
2102,2178,TRUE
2164,2178,TRUE
2820,2178,TRUE
2932,2178,TRUE
1110,2179,TRUE
896,2180,TRUE
1354,2180,TRUE
1543,2180,TRUE
1730,2180,TRUE
1987,2180,TRUE
2049,2180,TRUE
2065,2180,TRUE
2418,2180,TRUE
2419,2180,TRUE
2440,2180,TRUE
2450,2180,TRUE
2553,2180,TRUE
2836,2180,TRUE
2991,2180,TRUE
3125,2180,TRUE
3132,2180,TRUE
3223,2180,TRUE
3521,2180,TRUE
1844,2181,TRUE
1936,2181,TRUE
2004,2181,TRUE
2005,2181,TRUE
30,2184,TRUE
2812,2184,TRUE
1364,2185,TRUE
1552,2185,TRUE
1014,2186,TRUE
1353,2186,TRUE
2553,2186,TRUE
1730,2189,TRUE
2226,2189,TRUE
65,2190,TRUE
2191,2190,TRUE
2274,2190,TRUE
2354,2190,TRUE
65,2191,TRUE
2190,2191,TRUE
1157,2192,TRUE
1616,2192,TRUE
2000,2193,TRUE
2649,2195,TRUE
2983,2196,TRUE
2141,2197,TRUE
2219,2197,TRUE
2328,2200,TRUE
1151,2201,TRUE
2100,2202,TRUE
2396,2202,TRUE
61,2203,TRUE
528,2203,TRUE
1906,2203,TRUE
1910,2203,TRUE
148,2204,TRUE
528,2209,TRUE
772,2209,TRUE
2220,2209,TRUE
3292,2209,TRUE
93,2212,TRUE
748,2212,TRUE
2217,2212,TRUE
3784,2212,TRUE
1905,2213,TRUE
1489,2214,TRUE
1490,2214,TRUE
56,2215,TRUE
2123,2216,TRUE
748,2217,TRUE
2212,2217,TRUE
528,2218,TRUE
3665,2218,TRUE
3697,2218,TRUE
3698,2218,TRUE
2141,2219,TRUE
2197,2219,TRUE
528,2220,TRUE
772,2220,TRUE
2209,2220,TRUE
3292,2220,TRUE
528,2221,TRUE
1104,2221,TRUE
1126,2221,TRUE
1737,2221,TRUE
3830,2221,TRUE
2949,2222,TRUE
3310,2223,TRUE
2189,2226,TRUE
433,2227,TRUE
548,2227,TRUE
1542,2227,TRUE
2019,2227,TRUE
2100,2227,TRUE
2289,2227,TRUE
2851,2227,TRUE
3617,2227,TRUE
728,2229,TRUE
2064,2229,TRUE
1801,2230,TRUE
2456,2230,TRUE
1451,2231,TRUE
513,2232,TRUE
1240,2232,TRUE
1242,2232,TRUE
1399,2234,TRUE
1524,2234,TRUE
2024,2235,TRUE
2032,2235,TRUE
361,2236,TRUE
412,2236,TRUE
556,2236,TRUE
1198,2236,TRUE
1303,2236,TRUE
1360,2236,TRUE
1365,2236,TRUE
1429,2236,TRUE
1442,2236,TRUE
1524,2236,TRUE
1835,2236,TRUE
1844,2236,TRUE
1983,2236,TRUE
2239,2236,TRUE
2254,2236,TRUE
2258,2236,TRUE
2265,2236,TRUE
2275,2236,TRUE
2342,2236,TRUE
2580,2236,TRUE
3133,2236,TRUE
3653,2236,TRUE
3896,2236,TRUE
3913,2236,TRUE
157,2237,TRUE
228,2237,TRUE
1561,2237,TRUE
2671,2238,TRUE
793,2239,TRUE
1924,2239,TRUE
2093,2239,TRUE
2102,2239,TRUE
2236,2239,TRUE
2257,2239,TRUE
2249,2240,TRUE
2454,2240,TRUE
2914,2240,TRUE
3281,2240,TRUE
3287,2240,TRUE
1524,2241,TRUE
2246,2241,TRUE
2264,2241,TRUE
2266,2241,TRUE
2527,2241,TRUE
3224,2241,TRUE
3238,2241,TRUE
4019,2241,TRUE
2407,2243,TRUE
2941,2243,TRUE
793,2244,TRUE
3225,2244,TRUE
221,2245,TRUE
1873,2245,TRUE
2265,2245,TRUE
2997,2245,TRUE
1524,2246,TRUE
2241,2246,TRUE
2266,2246,TRUE
2276,2247,TRUE
2456,2247,TRUE
793,2248,TRUE
3912,2248,TRUE
124,2249,TRUE
142,2249,TRUE
1784,2249,TRUE
2240,2249,TRUE
579,2250,TRUE
793,2250,TRUE
1332,2250,TRUE
1393,2250,TRUE
1397,2250,TRUE
2102,2250,TRUE
2317,2250,TRUE
2408,2250,TRUE
2957,2250,TRUE
3235,2250,TRUE
2583,2253,TRUE
2680,2253,TRUE
1983,2254,TRUE
2236,2254,TRUE
3213,2254,TRUE
1924,2255,TRUE
2026,2255,TRUE
1850,2256,TRUE
2102,2256,TRUE
2258,2256,TRUE
2275,2256,TRUE
2681,2256,TRUE
111,2257,TRUE
793,2257,TRUE
2239,2257,TRUE
2496,2257,TRUE
2596,2257,TRUE
2102,2258,TRUE
2236,2258,TRUE
2256,2258,TRUE
2259,2258,TRUE
49,2259,TRUE
1275,2259,TRUE
1524,2259,TRUE
2102,2259,TRUE
2258,2259,TRUE
3160,2259,TRUE
2094,2260,TRUE
3094,2260,TRUE
2264,2263,TRUE
2756,2263,TRUE
2767,2263,TRUE
1524,2264,TRUE
2241,2264,TRUE
2263,2264,TRUE
2527,2264,TRUE
3238,2264,TRUE
4019,2264,TRUE
221,2265,TRUE
1933,2265,TRUE
2102,2265,TRUE
2236,2265,TRUE
2245,2265,TRUE
2241,2266,TRUE
2246,2266,TRUE
3240,2267,TRUE
877,2269,TRUE
3318,2269,TRUE
124,2271,TRUE
1681,2271,TRUE
1536,2272,TRUE
1742,2272,TRUE
2442,2272,TRUE
2445,2272,TRUE
65,2274,TRUE
2190,2274,TRUE
2323,2274,TRUE
2354,2274,TRUE
2003,2275,TRUE
2030,2275,TRUE
2076,2275,TRUE
2158,2275,TRUE
2236,2275,TRUE
2256,2275,TRUE
2436,2275,TRUE
2722,2275,TRUE
2955,2275,TRUE
1288,2276,TRUE
1329,2276,TRUE
1342,2276,TRUE
1373,2276,TRUE
1480,2276,TRUE
2136,2276,TRUE
2247,2276,TRUE
2456,2276,TRUE
2630,2276,TRUE
2278,2277,TRUE
2277,2278,TRUE
2694,2279,TRUE
41,2281,TRUE
1476,2281,TRUE
168,2286,TRUE
2100,2286,TRUE
2287,2286,TRUE
2289,2286,TRUE
2435,2286,TRUE
2436,2286,TRUE
194,2287,TRUE
218,2287,TRUE
1364,2287,TRUE
1401,2287,TRUE
1859,2287,TRUE
2004,2287,TRUE
2005,2287,TRUE
2100,2287,TRUE
2286,2287,TRUE
2289,2287,TRUE
2435,2287,TRUE
2436,2287,TRUE
2669,2287,TRUE
2925,2287,TRUE
3123,2287,TRUE
251,2288,TRUE
1807,2288,TRUE
433,2289,TRUE
548,2289,TRUE
2100,2289,TRUE
2227,2289,TRUE
2286,2289,TRUE
2287,2289,TRUE
2851,2289,TRUE
3617,2289,TRUE
2567,2290,TRUE
591,2292,TRUE
1244,2294,TRUE
1536,2294,TRUE
2437,2294,TRUE
488,2295,TRUE
1460,2295,TRUE
2448,2295,TRUE
1817,2296,TRUE
1984,2296,TRUE
2297,2296,TRUE
2415,2296,TRUE
2421,2296,TRUE
1698,2297,TRUE
1817,2297,TRUE
2296,2297,TRUE
3465,2297,TRUE
3805,2297,TRUE
3809,2297,TRUE
415,2299,TRUE
528,2299,TRUE
1182,2299,TRUE
1199,2299,TRUE
1385,2299,TRUE
1536,2299,TRUE
1630,2299,TRUE
1633,2299,TRUE
2357,2299,TRUE
2482,2299,TRUE
2498,2299,TRUE
2499,2299,TRUE
2503,2299,TRUE
2657,2299,TRUE
3747,2299,TRUE
244,2300,TRUE
880,2300,TRUE
1361,2300,TRUE
1452,2300,TRUE
2496,2300,TRUE
3127,2300,TRUE
3133,2300,TRUE
78,2301,TRUE
194,2301,TRUE
236,2301,TRUE
643,2301,TRUE
706,2301,TRUE
716,2301,TRUE
779,2301,TRUE
1014,2301,TRUE
1023,2301,TRUE
1370,2301,TRUE
1375,2301,TRUE
1400,2301,TRUE
1402,2301,TRUE
1403,2301,TRUE
1409,2301,TRUE
1483,2301,TRUE
1860,2301,TRUE
1886,2301,TRUE
1981,2301,TRUE
2049,2301,TRUE
2119,2301,TRUE
2129,2301,TRUE
2136,2301,TRUE
2168,2301,TRUE
2388,2301,TRUE
2411,2301,TRUE
2489,2301,TRUE
2561,2301,TRUE
2603,2301,TRUE
2632,2301,TRUE
2650,2301,TRUE
2726,2301,TRUE
2925,2301,TRUE
3021,2301,TRUE
3132,2301,TRUE
3145,2301,TRUE
3182,2301,TRUE
3305,2301,TRUE
3566,2301,TRUE
3607,2301,TRUE
3647,2301,TRUE
4009,2301,TRUE
2303,2302,TRUE
1210,2303,TRUE
2302,2303,TRUE
1960,2304,TRUE
2133,2304,TRUE
2872,2305,TRUE
1499,2306,TRUE
2350,2306,TRUE
1977,2308,TRUE
212,2309,TRUE
1855,2309,TRUE
978,2310,TRUE
1809,2310,TRUE
2369,2310,TRUE
147,2311,TRUE
1359,2311,TRUE
1885,2311,TRUE
2923,2311,TRUE
156,2314,TRUE
161,2314,TRUE
856,2314,TRUE
1164,2314,TRUE
1290,2314,TRUE
1363,2314,TRUE
1480,2314,TRUE
2411,2314,TRUE
2587,2314,TRUE
2630,2314,TRUE
2684,2314,TRUE
1530,2315,TRUE
2393,2315,TRUE
29,2317,TRUE
1016,2317,TRUE
1298,2317,TRUE
1393,2317,TRUE
1397,2317,TRUE
1433,2317,TRUE
2102,2317,TRUE
2250,2317,TRUE
2402,2317,TRUE
145,2318,TRUE
3027,2318,TRUE
2320,2319,TRUE
2321,2319,TRUE
2569,2319,TRUE
2776,2319,TRUE
2319,2320,TRUE
2321,2320,TRUE
2569,2320,TRUE
2776,2320,TRUE
2319,2321,TRUE
2320,2321,TRUE
2569,2321,TRUE
361,2322,TRUE
551,2322,TRUE
65,2323,TRUE
2274,2323,TRUE
154,2324,TRUE
1043,2324,TRUE
1145,2324,TRUE
1363,2324,TRUE
1438,2324,TRUE
1884,2324,TRUE
1998,2324,TRUE
2496,2324,TRUE
2596,2324,TRUE
2669,2324,TRUE
2676,2324,TRUE
2680,2324,TRUE
2692,2324,TRUE
2729,2324,TRUE
465,2326,TRUE
960,2326,TRUE
1124,2326,TRUE
1361,2327,TRUE
1377,2327,TRUE
2164,2327,TRUE
777,2328,TRUE
1804,2328,TRUE
2200,2328,TRUE
2356,2328,TRUE
2430,2328,TRUE
1364,2330,TRUE
684,2331,TRUE
2332,2331,TRUE
3092,2331,TRUE
3487,2331,TRUE
3669,2331,TRUE
2331,2332,TRUE
2337,2332,TRUE
3708,2332,TRUE
415,2334,TRUE
1817,2336,TRUE
1739,2337,TRUE
2332,2337,TRUE
2513,2337,TRUE
3705,2337,TRUE
3708,2337,TRUE
148,2338,TRUE
483,2338,TRUE
1537,2338,TRUE
2168,2338,TRUE
3459,2338,TRUE
1230,2339,TRUE
1364,2340,TRUE
93,2342,TRUE
805,2342,TRUE
906,2342,TRUE
1014,2342,TRUE
1801,2342,TRUE
2236,2342,TRUE
2952,2342,TRUE
2344,2343,TRUE
2343,2344,TRUE
1411,2345,TRUE
1440,2345,TRUE
2347,2346,TRUE
3259,2346,TRUE
3276,2346,TRUE
2346,2347,TRUE
1499,2350,TRUE
2306,2350,TRUE
978,2352,TRUE
2353,2352,TRUE
978,2353,TRUE
2352,2353,TRUE
3,2354,TRUE
65,2354,TRUE
415,2354,TRUE
468,2354,TRUE
1184,2354,TRUE
2190,2354,TRUE
2274,2354,TRUE
2387,2354,TRUE
2875,2354,TRUE
3418,2354,TRUE
3627,2354,TRUE
415,2355,TRUE
1861,2355,TRUE
777,2356,TRUE
1210,2356,TRUE
1267,2356,TRUE
2328,2356,TRUE
2587,2356,TRUE
1199,2357,TRUE
2299,2357,TRUE
2887,2357,TRUE
1233,2358,TRUE
415,2359,TRUE
2147,2359,TRUE
2876,2359,TRUE
3688,2359,TRUE
1384,2361,TRUE
3039,2364,TRUE
3095,2364,TRUE
1364,2366,TRUE
978,2368,TRUE
2407,2368,TRUE
144,2369,TRUE
978,2369,TRUE
1363,2369,TRUE
2310,2369,TRUE
2606,2369,TRUE
1122,2372,TRUE
2882,2372,TRUE
325,2373,TRUE
1363,2373,TRUE
1438,2373,TRUE
43,2376,TRUE
1834,2376,TRUE
2119,2376,TRUE
3594,2376,TRUE
146,2377,TRUE
1438,2377,TRUE
2699,2377,TRUE
1361,2379,TRUE
3134,2379,TRUE
1435,2382,TRUE
3206,2383,TRUE
1972,2384,TRUE
2080,2384,TRUE
3231,2384,TRUE
3232,2384,TRUE
2354,2387,TRUE
2301,2388,TRUE
1397,2389,TRUE
1457,2389,TRUE
1833,2389,TRUE
3494,2390,TRUE
2396,2391,TRUE
241,2393,TRUE
1530,2393,TRUE
2315,2393,TRUE
158,2394,TRUE
1505,2396,TRUE
1744,2396,TRUE
2202,2396,TRUE
2391,2396,TRUE
2442,2396,TRUE
2443,2396,TRUE
158,2400,TRUE
1901,2400,TRUE
1478,2401,TRUE
1641,2401,TRUE
2022,2401,TRUE
3354,2401,TRUE
29,2402,TRUE
1298,2402,TRUE
1433,2402,TRUE
2317,2402,TRUE
3819,2405,TRUE
3848,2405,TRUE
85,2407,TRUE
978,2407,TRUE
2022,2407,TRUE
2149,2407,TRUE
2243,2407,TRUE
2368,2407,TRUE
2941,2407,TRUE
48,2408,TRUE
1879,2408,TRUE
2026,2408,TRUE
2250,2408,TRUE
2733,2408,TRUE
2957,2408,TRUE
3235,2408,TRUE
1478,2409,TRUE
2466,2409,TRUE
108,2410,TRUE
111,2411,TRUE
156,2411,TRUE
236,2411,TRUE
706,2411,TRUE
856,2411,TRUE
1480,2411,TRUE
2049,2411,TRUE
2068,2411,TRUE
2301,2411,TRUE
2314,2411,TRUE
2450,2411,TRUE
2687,2411,TRUE
2699,2411,TRUE
2707,2411,TRUE
2711,2411,TRUE
2801,2411,TRUE
2940,2411,TRUE
3141,2411,TRUE
1804,2413,TRUE
683,2414,TRUE
1213,2414,TRUE
2508,2414,TRUE
1817,2415,TRUE
2296,2415,TRUE
2421,2415,TRUE
1359,2416,TRUE
2604,2416,TRUE
3173,2416,TRUE
3689,2417,TRUE
1354,2418,TRUE
1826,2418,TRUE
1882,2418,TRUE
2180,2418,TRUE
2419,2418,TRUE
2553,2418,TRUE
2611,2418,TRUE
2836,2418,TRUE
3182,2418,TRUE
1303,2419,TRUE
2014,2419,TRUE
2180,2419,TRUE
2418,2419,TRUE
2450,2419,TRUE
2792,2419,TRUE
2924,2419,TRUE
3182,2419,TRUE
1817,2421,TRUE
2296,2421,TRUE
2415,2421,TRUE
1397,2422,TRUE
1621,2422,TRUE
2940,2422,TRUE
1413,2423,TRUE
2425,2424,TRUE
1244,2425,TRUE
1469,2425,TRUE
1737,2425,TRUE
2424,2425,TRUE
2439,2425,TRUE
2877,2425,TRUE
3854,2425,TRUE
3451,2427,TRUE
3557,2427,TRUE
1304,2428,TRUE
154,2429,TRUE
1364,2429,TRUE
1784,2429,TRUE
1637,2430,TRUE
2328,2430,TRUE
1833,2431,TRUE
1832,2433,TRUE
2022,2433,TRUE
2698,2433,TRUE
1210,2434,TRUE
1097,2435,TRUE
2286,2435,TRUE
2287,2435,TRUE
2436,2435,TRUE
2750,2435,TRUE
2952,2435,TRUE
218,2436,TRUE
1814,2436,TRUE
2004,2436,TRUE
2005,2436,TRUE
2006,2436,TRUE
2021,2436,TRUE
2030,2436,TRUE
2158,2436,TRUE
2275,2436,TRUE
2286,2436,TRUE
2287,2436,TRUE
2435,2436,TRUE
2669,2436,TRUE
2722,2436,TRUE
3085,2436,TRUE
1244,2437,TRUE
1536,2437,TRUE
2294,2437,TRUE
2887,2437,TRUE
415,2438,TRUE
643,2438,TRUE
1671,2438,TRUE
2141,2438,TRUE
2147,2438,TRUE
1464,2439,TRUE
1469,2439,TRUE
2425,2439,TRUE
3854,2439,TRUE
2180,2440,TRUE
3125,2440,TRUE
1564,2442,TRUE
2272,2442,TRUE
2396,2442,TRUE
2443,2442,TRUE
1215,2443,TRUE
2396,2443,TRUE
2442,2443,TRUE
3778,2443,TRUE
3779,2443,TRUE
1536,2445,TRUE
1742,2445,TRUE
2272,2445,TRUE
3847,2445,TRUE
488,2448,TRUE
2295,2448,TRUE
2449,2448,TRUE
2448,2449,TRUE
156,2450,TRUE
2014,2450,TRUE
2049,2450,TRUE
2180,2450,TRUE
2411,2450,TRUE
2419,2450,TRUE
2924,2450,TRUE
551,2453,TRUE
2014,2453,TRUE
236,2454,TRUE
1873,2454,TRUE
2240,2454,TRUE
2455,2454,TRUE
2801,2454,TRUE
3182,2454,TRUE
230,2455,TRUE
1483,2455,TRUE
1510,2455,TRUE
1976,2455,TRUE
2454,2455,TRUE
1480,2456,TRUE
2008,2456,TRUE
2230,2456,TRUE
2247,2456,TRUE
2276,2456,TRUE
1701,2457,TRUE
2093,2457,TRUE
2094,2457,TRUE
581,2458,TRUE
113,2459,TRUE
198,2460,TRUE
1122,2460,TRUE
1509,2460,TRUE
3886,2460,TRUE
139,2461,TRUE
1210,2461,TRUE
415,2462,TRUE
1291,2462,TRUE
2569,2462,TRUE
1219,2465,TRUE
2409,2466,TRUE
1488,2469,TRUE
2470,2469,TRUE
1488,2470,TRUE
2469,2470,TRUE
415,2471,TRUE
1395,2473,TRUE
1417,2473,TRUE
2709,2473,TRUE
323,2474,TRUE
775,2474,TRUE
2475,2474,TRUE
3190,2474,TRUE
2474,2475,TRUE
1016,2477,TRUE
1661,2477,TRUE
1823,2477,TRUE
769,2480,TRUE
1063,2481,TRUE
1064,2481,TRUE
1385,2482,TRUE
2299,2482,TRUE
2657,2482,TRUE
3747,2482,TRUE
2968,2484,TRUE
1180,2486,TRUE
2800,2488,TRUE
2301,2489,TRUE
2650,2489,TRUE
1950,2490,TRUE
890,2494,TRUE
437,2496,TRUE
1043,2496,TRUE
1884,2496,TRUE
2257,2496,TRUE
2300,2496,TRUE
2324,2496,TRUE
2596,2496,TRUE
2676,2496,TRUE
2680,2496,TRUE
2729,2496,TRUE
3127,2496,TRUE
3909,2496,TRUE
2299,2498,TRUE
1199,2499,TRUE
2299,2499,TRUE
2500,2499,TRUE
2499,2500,TRUE
2501,2500,TRUE
3742,2500,TRUE
2500,2501,TRUE
2511,2502,TRUE
3493,2502,TRUE
2299,2503,TRUE
1750,2504,TRUE
2508,2507,TRUE
683,2508,TRUE
1213,2508,TRUE
2414,2508,TRUE
2507,2508,TRUE
3793,2508,TRUE
3796,2508,TRUE
1182,2510,TRUE
1183,2510,TRUE
1199,2510,TRUE
2502,2511,TRUE
2697,2511,TRUE
3493,2511,TRUE
3464,2512,TRUE
2337,2513,TRUE
2715,2513,TRUE
2977,2513,TRUE
3798,2513,TRUE
3799,2513,TRUE
2516,2515,TRUE
3660,2515,TRUE
3858,2515,TRUE
3859,2515,TRUE
2515,2516,TRUE
3660,2516,TRUE
3858,2516,TRUE
3859,2516,TRUE
2518,2517,TRUE
2517,2518,TRUE
194,2522,TRUE
1405,2522,TRUE
2004,2522,TRUE
2102,2522,TRUE
3151,2522,TRUE
1711,2523,TRUE
1964,2524,TRUE
2140,2524,TRUE
3059,2526,TRUE
1149,2527,TRUE
1524,2527,TRUE
2241,2527,TRUE
2264,2527,TRUE
2820,2527,TRUE
3238,2527,TRUE
3898,2527,TRUE
4019,2527,TRUE
1926,2529,TRUE
1934,2532,TRUE
2641,2532,TRUE
179,2533,TRUE
1337,2533,TRUE
1442,2533,TRUE
46,2536,TRUE
2130,2536,TRUE
2965,2539,TRUE
3807,2539,TRUE
1085,2543,TRUE
3529,2544,TRUE
2548,2545,TRUE
2545,2548,TRUE
2550,2549,TRUE
2549,2550,TRUE
1014,2553,TRUE
1715,2553,TRUE
1798,2553,TRUE
2180,2553,TRUE
2186,2553,TRUE
2418,2553,TRUE
3971,2553,TRUE
468,2554,TRUE
2558,2554,TRUE
433,2555,TRUE
609,2555,TRUE
1878,2556,TRUE
43,2557,TRUE
678,2557,TRUE
839,2557,TRUE
1243,2557,TRUE
1982,2557,TRUE
1712,2558,TRUE
2554,2558,TRUE
168,2559,TRUE
556,2559,TRUE
1505,2559,TRUE
868,2560,TRUE
1074,2560,TRUE
2788,2560,TRUE
3254,2560,TRUE
3569,2560,TRUE
194,2561,TRUE
2102,2561,TRUE
2301,2561,TRUE
3021,2561,TRUE
201,2563,TRUE
3177,2563,TRUE
2290,2567,TRUE
415,2569,TRUE
2319,2569,TRUE
2320,2569,TRUE
2321,2569,TRUE
2462,2569,TRUE
2776,2569,TRUE
3178,2569,TRUE
3115,2570,TRUE
1524,2573,TRUE
1860,2574,TRUE
2756,2574,TRUE
971,2575,TRUE
1715,2575,TRUE
1957,2576,TRUE
1973,2576,TRUE
3987,2577,TRUE
4042,2577,TRUE
3338,2578,TRUE
3781,2578,TRUE
1405,2579,TRUE
2236,2580,TRUE
1016,2581,TRUE
124,2583,TRUE
2253,2583,TRUE
1461,2584,TRUE
1462,2584,TRUE
1651,2586,TRUE
971,2587,TRUE
1489,2587,TRUE
1600,2587,TRUE
1912,2587,TRUE
2026,2587,TRUE
2314,2587,TRUE
2356,2587,TRUE
2770,2587,TRUE
3180,2587,TRUE
1281,2590,TRUE
1195,2591,TRUE
3706,2591,TRUE
1686,2595,TRUE
1014,2596,TRUE
2257,2596,TRUE
2324,2596,TRUE
2496,2596,TRUE
2676,2596,TRUE
3909,2596,TRUE
1718,2598,TRUE
1853,2598,TRUE
3054,2599,TRUE
3507,2600,TRUE
5,2603,TRUE
464,2603,TRUE
643,2603,TRUE
975,2603,TRUE
1293,2603,TRUE
2301,2603,TRUE
2688,2603,TRUE
2815,2603,TRUE
3025,2603,TRUE
3045,2603,TRUE
1360,2604,TRUE
2416,2604,TRUE
1112,2605,TRUE
144,2606,TRUE
978,2606,TRUE
2144,2606,TRUE
2369,2606,TRUE
67,2609,TRUE
1628,2609,TRUE
1016,2611,TRUE
1661,2611,TRUE
2418,2611,TRUE
3153,2611,TRUE
466,2612,TRUE
1107,2612,TRUE
1426,2613,TRUE
1613,2613,TRUE
1964,2618,TRUE
3998,2618,TRUE
124,2624,TRUE
2625,2624,TRUE
124,2625,TRUE
2624,2625,TRUE
1615,2627,TRUE
1066,2628,TRUE
3703,2628,TRUE
3704,2628,TRUE
1181,2629,TRUE
3603,2629,TRUE
1342,2630,TRUE
1480,2630,TRUE
2276,2630,TRUE
2314,2630,TRUE
483,2632,TRUE
1023,2632,TRUE
2301,2632,TRUE
3699,2632,TRUE
3880,2634,TRUE
2701,2635,TRUE
1364,2636,TRUE
1621,2636,TRUE
3961,2636,TRUE
1169,2637,TRUE
1934,2639,TRUE
1548,2640,TRUE
2532,2641,TRUE
1568,2642,TRUE
1804,2642,TRUE
2884,2642,TRUE
2893,2642,TRUE
624,2643,TRUE
3270,2643,TRUE
3524,2643,TRUE
2975,2644,TRUE
3823,2644,TRUE
1742,2645,TRUE
1715,2646,TRUE
4,2647,TRUE
340,2647,TRUE
162,2648,TRUE
2195,2649,TRUE
1483,2650,TRUE
2301,2650,TRUE
2489,2650,TRUE
3543,2652,TRUE
140,2653,TRUE
600,2656,TRUE
1385,2657,TRUE
2299,2657,TRUE
2482,2657,TRUE
3747,2657,TRUE
2175,2660,TRUE
89,2662,TRUE
724,2662,TRUE
1362,2662,TRUE
2030,2662,TRUE
3924,2662,TRUE
467,2663,TRUE
1710,2663,TRUE
1837,2664,TRUE
1838,2664,TRUE
1984,2667,TRUE
2668,2667,TRUE
2667,2668,TRUE
218,2669,TRUE
1043,2669,TRUE
1940,2669,TRUE
2287,2669,TRUE
2324,2669,TRUE
2436,2669,TRUE
2680,2669,TRUE
3899,2669,TRUE
1300,2670,TRUE
1315,2670,TRUE
1336,2671,TRUE
2024,2671,TRUE
2036,2671,TRUE
2087,2671,TRUE
2238,2671,TRUE
2951,2672,TRUE
1528,2675,TRUE
2324,2676,TRUE
2496,2676,TRUE
2596,2676,TRUE
2976,2677,TRUE
1499,2679,TRUE
3137,2679,TRUE
1043,2680,TRUE
1438,2680,TRUE
1455,2680,TRUE
2253,2680,TRUE
2324,2680,TRUE
2496,2680,TRUE
2669,2680,TRUE
2256,2681,TRUE
3154,2681,TRUE
1492,2682,TRUE
2838,2682,TRUE
1226,2683,TRUE
3791,2683,TRUE
2314,2684,TRUE
124,2687,TRUE
154,2687,TRUE
502,2687,TRUE
1016,2687,TRUE
1438,2687,TRUE
1882,2687,TRUE
1996,2687,TRUE
2068,2687,TRUE
2411,2687,TRUE
975,2688,TRUE
1016,2688,TRUE
1438,2688,TRUE
2603,2688,TRUE
1767,2690,TRUE
1043,2692,TRUE
1884,2692,TRUE
2324,2692,TRUE
2279,2694,TRUE
1298,2697,TRUE
1513,2697,TRUE
2511,2697,TRUE
1832,2698,TRUE
2022,2698,TRUE
2433,2698,TRUE
146,2699,TRUE
706,2699,TRUE
1438,2699,TRUE
2377,2699,TRUE
2411,2699,TRUE
2635,2701,TRUE
2069,2702,TRUE
2713,2702,TRUE
3301,2703,TRUE
1420,2706,TRUE
2921,2706,TRUE
2411,2707,TRUE
1455,2708,TRUE
1827,2708,TRUE
1990,2708,TRUE
2473,2709,TRUE
1361,2710,TRUE
156,2711,TRUE
975,2711,TRUE
1350,2711,TRUE
2411,2711,TRUE
2069,2713,TRUE
2702,2713,TRUE
1455,2714,TRUE
2513,2715,TRUE
1196,2716,TRUE
4008,2718,TRUE
1763,2722,TRUE
2275,2722,TRUE
2436,2722,TRUE
3143,2722,TRUE
3307,2723,TRUE
3023,2725,TRUE
1014,2726,TRUE
2301,2726,TRUE
3132,2726,TRUE
1483,2728,TRUE
1043,2729,TRUE
1884,2729,TRUE
2324,2729,TRUE
2496,2729,TRUE
363,2730,TRUE
1361,2730,TRUE
1420,2730,TRUE
2125,2730,TRUE
2167,2730,TRUE
2953,2730,TRUE
194,2731,TRUE
1524,2731,TRUE
1957,2731,TRUE
3983,2731,TRUE
1404,2732,TRUE
548,2733,TRUE
1369,2733,TRUE
1972,2733,TRUE
2026,2733,TRUE
2408,2733,TRUE
2809,2733,TRUE
2936,2733,TRUE
3212,2733,TRUE
194,2737,TRUE
1429,2737,TRUE
2929,2737,TRUE
194,2738,TRUE
89,2740,TRUE
445,2740,TRUE
1014,2740,TRUE
1533,2740,TRUE
693,2741,TRUE
1429,2741,TRUE
3093,2741,TRUE
194,2743,TRUE
2101,2743,TRUE
3165,2743,TRUE
3237,2743,TRUE
1367,2746,TRUE
1689,2746,TRUE
3987,2746,TRUE
49,2747,TRUE
1524,2747,TRUE
3849,2749,TRUE
2435,2750,TRUE
1176,2751,TRUE
1801,2755,TRUE
1860,2756,TRUE
2263,2756,TRUE
2574,2756,TRUE
3236,2757,TRUE
1925,2758,TRUE
1405,2759,TRUE
1959,2759,TRUE
1972,2759,TRUE
2004,2759,TRUE
3790,2761,TRUE
1311,2762,TRUE
1587,2763,TRUE
465,2764,TRUE
230,2765,TRUE
438,2765,TRUE
551,2765,TRUE
1510,2765,TRUE
2792,2765,TRUE
1862,2766,TRUE
2263,2767,TRUE
1016,2769,TRUE
1444,2769,TRUE
971,2770,TRUE
1451,2770,TRUE
2014,2770,TRUE
2073,2770,TRUE
2587,2770,TRUE
1244,2771,TRUE
3671,2772,TRUE
1401,2773,TRUE
2319,2776,TRUE
2320,2776,TRUE
2569,2776,TRUE
885,2777,TRUE
3700,2777,TRUE
415,2779,TRUE
2059,2780,TRUE
2060,2780,TRUE
1364,2782,TRUE
65,2785,TRUE
2560,2788,TRUE
3814,2789,TRUE
2803,2791,TRUE
2810,2791,TRUE
230,2792,TRUE
2419,2792,TRUE
2765,2792,TRUE
1783,2793,TRUE
194,2794,TRUE
1401,2794,TRUE
1961,2794,TRUE
2087,2796,TRUE
2798,2797,TRUE
2920,2797,TRUE
2797,2798,TRUE
2920,2798,TRUE
2158,2799,TRUE
3220,2799,TRUE
2488,2800,TRUE
3681,2800,TRUE
236,2801,TRUE
706,2801,TRUE
2411,2801,TRUE
2454,2801,TRUE
3141,2801,TRUE
3182,2801,TRUE
1469,2803,TRUE
2791,2803,TRUE
2034,2804,TRUE
1634,2805,TRUE
1580,2806,TRUE
548,2809,TRUE
1369,2809,TRUE
2733,2809,TRUE
2791,2810,TRUE
1508,2811,TRUE
2184,2812,TRUE
502,2813,TRUE
5,2815,TRUE
2603,2815,TRUE
2816,2815,TRUE
3277,2815,TRUE
2815,2816,TRUE
1495,2817,TRUE
877,2818,TRUE
1481,2819,TRUE
757,2820,TRUE
971,2820,TRUE
1450,2820,TRUE
2102,2820,TRUE
2178,2820,TRUE
2527,2820,TRUE
215,2823,TRUE
3008,2823,TRUE
24,2824,TRUE
2826,2825,TRUE
2825,2826,TRUE
3602,2827,TRUE
1285,2828,TRUE
1561,2831,TRUE
1810,2831,TRUE
2906,2835,TRUE
1354,2836,TRUE
2180,2836,TRUE
2418,2836,TRUE
226,2837,TRUE
1492,2838,TRUE
2116,2838,TRUE
2682,2838,TRUE
1940,2840,TRUE
361,2845,TRUE
856,2845,TRUE
1486,2845,TRUE
2950,2845,TRUE
1393,2846,TRUE
1393,2848,TRUE
2850,2849,TRUE
2849,2850,TRUE
433,2851,TRUE
548,2851,TRUE
2227,2851,TRUE
2289,2851,TRUE
3617,2851,TRUE
1814,2852,TRUE
683,2854,TRUE
297,2859,TRUE
346,2859,TRUE
581,2862,TRUE
2305,2872,TRUE
2354,2875,TRUE
3418,2875,TRUE
3534,2875,TRUE
3567,2875,TRUE
2147,2876,TRUE
2359,2876,TRUE
3344,2876,TRUE
3688,2876,TRUE
1742,2877,TRUE
2425,2877,TRUE
3077,2880,TRUE
1740,2881,TRUE
1122,2882,TRUE
1561,2882,TRUE
2372,2882,TRUE
1568,2884,TRUE
1804,2884,TRUE
2642,2884,TRUE
2893,2884,TRUE
396,2886,TRUE
3863,2886,TRUE
1244,2887,TRUE
2357,2887,TRUE
2437,2887,TRUE
415,2888,TRUE
643,2888,TRUE
450,2890,TRUE
528,2890,TRUE
162,2891,TRUE
2892,2891,TRUE
162,2892,TRUE
2891,2892,TRUE
1568,2893,TRUE
1804,2893,TRUE
2642,2893,TRUE
2884,2893,TRUE
2896,2895,TRUE
2895,2896,TRUE
1494,2897,TRUE
299,2899,TRUE
1084,2902,TRUE
3163,2902,TRUE
161,2903,TRUE
3595,2903,TRUE
2835,2906,TRUE
3541,2906,TRUE
470,2911,TRUE
1543,2911,TRUE
1882,2911,TRUE
3289,2912,TRUE
3608,2912,TRUE
2240,2914,TRUE
3281,2914,TRUE
3287,2914,TRUE
3471,2916,TRUE
2797,2920,TRUE
2798,2920,TRUE
2706,2921,TRUE
1885,2923,TRUE
2311,2923,TRUE
2014,2924,TRUE
2419,2924,TRUE
2450,2924,TRUE
194,2925,TRUE
1342,2925,TRUE
1400,2925,TRUE
1944,2925,TRUE
2151,2925,TRUE
2287,2925,TRUE
2301,2925,TRUE
3136,2926,TRUE
2049,2927,TRUE
2096,2927,TRUE
194,2929,TRUE
1453,2929,TRUE
2737,2929,TRUE
1365,2930,TRUE
2178,2932,TRUE
3205,2932,TRUE
1983,2933,TRUE
3166,2933,TRUE
3959,2933,TRUE
1476,2934,TRUE
1477,2934,TRUE
1777,2934,TRUE
1787,2934,TRUE
1287,2935,TRUE
1450,2935,TRUE
2004,2935,TRUE
2102,2935,TRUE
1489,2936,TRUE
2733,2936,TRUE
3163,2936,TRUE
3212,2936,TRUE
3219,2936,TRUE
2939,2938,TRUE
2938,2939,TRUE
706,2940,TRUE
856,2940,TRUE
1397,2940,TRUE
2411,2940,TRUE
2422,2940,TRUE
2950,2940,TRUE
1303,2941,TRUE
2243,2941,TRUE
2407,2941,TRUE
1400,2944,TRUE
1524,2944,TRUE
1337,2945,TRUE
1149,2946,TRUE
182,2947,TRUE
975,2948,TRUE
2068,2948,TRUE
1933,2949,TRUE
2222,2949,TRUE
856,2950,TRUE
2845,2950,TRUE
2940,2950,TRUE
2672,2951,TRUE
93,2952,TRUE
2342,2952,TRUE
2435,2952,TRUE
3883,2952,TRUE
2167,2953,TRUE
2730,2953,TRUE
218,2955,TRUE
2275,2955,TRUE
3204,2955,TRUE
1014,2956,TRUE
3199,2956,TRUE
2250,2957,TRUE
2408,2957,TRUE
3235,2957,TRUE
89,2958,TRUE
967,2959,TRUE
3315,2959,TRUE
3832,2959,TRUE
262,2962,TRUE
1363,2962,TRUE
1561,2962,TRUE
1136,2963,TRUE
166,2964,TRUE
2539,2965,TRUE
3807,2965,TRUE
1255,2967,TRUE
2484,2968,TRUE
194,2971,TRUE
1192,2971,TRUE
1966,2971,TRUE
3064,2971,TRUE
3652,2971,TRUE
54,2972,TRUE
2079,2972,TRUE
2140,2972,TRUE
3021,2972,TRUE
3919,2972,TRUE
3021,2973,TRUE
4031,2973,TRUE
4034,2974,TRUE
58,2975,TRUE
2644,2975,TRUE
3081,2975,TRUE
3480,2975,TRUE
2677,2976,TRUE
2513,2977,TRUE
1447,2978,TRUE
1798,2983,TRUE
1800,2983,TRUE
2196,2983,TRUE
2180,2991,TRUE
3521,2991,TRUE
756,2993,TRUE
831,2993,TRUE
1735,2993,TRUE
220,2995,TRUE
1730,2996,TRUE
2245,2997,TRUE
392,2999,TRUE
556,2999,TRUE
603,2999,TRUE
960,2999,TRUE
1984,2999,TRUE
3313,3005,TRUE
3007,3006,TRUE
3006,3007,TRUE
2823,3008,TRUE
1367,3010,TRUE
10,3012,TRUE
1303,3015,TRUE
120,3017,TRUE
3932,3017,TRUE
2058,3019,TRUE
194,3021,TRUE
2079,3021,TRUE
2140,3021,TRUE
2301,3021,TRUE
2561,3021,TRUE
2972,3021,TRUE
2973,3021,TRUE
2725,3023,TRUE
2603,3025,TRUE
2318,3027,TRUE
603,3031,TRUE
3066,3034,TRUE
3712,3034,TRUE
3999,3035,TRUE
4000,3035,TRUE
3694,3036,TRUE
2364,3039,TRUE
3095,3039,TRUE
2094,3041,TRUE
2603,3045,TRUE
1637,3047,TRUE
1845,3047,TRUE
1524,3050,TRUE
556,3052,TRUE
3581,3052,TRUE
325,3053,TRUE
3102,3053,TRUE
2599,3054,TRUE
3526,3054,TRUE
99,3055,TRUE
1887,3055,TRUE
1388,3056,TRUE
196,3058,TRUE
2526,3059,TRUE
195,3061,TRUE
551,3061,TRUE
1016,3061,TRUE
1826,3061,TRUE
3153,3061,TRUE
3182,3061,TRUE
194,3063,TRUE
1966,3064,TRUE
2971,3064,TRUE
3652,3064,TRUE
3034,3066,TRUE
3712,3066,TRUE
1951,3067,TRUE
3068,3067,TRUE
3067,3068,TRUE
325,3069,TRUE
2152,3070,TRUE
2072,3074,TRUE
2079,3075,TRUE
1959,3076,TRUE
1766,3077,TRUE
2880,3077,TRUE
3078,3077,TRUE
1766,3078,TRUE
3077,3078,TRUE
58,3081,TRUE
2975,3081,TRUE
1342,3082,TRUE
600,3084,TRUE
648,3084,TRUE
896,3084,TRUE
1450,3085,TRUE
2004,3085,TRUE
2058,3085,TRUE
2106,3085,TRUE
2436,3085,TRUE
3139,3085,TRUE
1678,3087,TRUE
3375,3089,TRUE
3735,3089,TRUE
1991,3091,TRUE
2331,3092,TRUE
3487,3092,TRUE
693,3093,TRUE
1429,3093,TRUE
2741,3093,TRUE
2019,3094,TRUE
2260,3094,TRUE
2364,3095,TRUE
3039,3095,TRUE
415,3096,TRUE
1064,3096,TRUE
71,3100,TRUE
233,3100,TRUE
325,3100,TRUE
1673,3100,TRUE
1674,3100,TRUE
1817,3100,TRUE
3602,3101,TRUE
325,3102,TRUE
3053,3102,TRUE
1808,3105,TRUE
1232,3106,TRUE
1675,3106,TRUE
1721,3107,TRUE
162,3112,TRUE
730,3112,TRUE
2570,3115,TRUE
551,3116,TRUE
194,3119,TRUE
1405,3119,TRUE
2004,3119,TRUE
3979,3119,TRUE
3604,3120,TRUE
1014,3123,TRUE
1401,3123,TRUE
1801,3123,TRUE
1860,3123,TRUE
1960,3123,TRUE
2287,3123,TRUE
1303,3124,TRUE
2180,3125,TRUE
2440,3125,TRUE
239,3126,TRUE
2300,3127,TRUE
2496,3127,TRUE
3229,3127,TRUE
2004,3128,TRUE
1138,3129,TRUE
1789,3131,TRUE
124,3132,TRUE
159,3132,TRUE
250,3132,TRUE
1014,3132,TRUE
1486,3132,TRUE
1801,3132,TRUE
1844,3132,TRUE
2180,3132,TRUE
2301,3132,TRUE
2726,3132,TRUE
3170,3132,TRUE
3223,3132,TRUE
3305,3132,TRUE
2236,3133,TRUE
2300,3133,TRUE
2379,3134,TRUE
3136,3135,TRUE
2926,3136,TRUE
3135,3136,TRUE
1499,3137,TRUE
2679,3137,TRUE
464,3138,TRUE
1429,3138,TRUE
3085,3139,TRUE
1358,3140,TRUE
706,3141,TRUE
2411,3141,TRUE
2801,3141,TRUE
2722,3143,TRUE
2301,3145,TRUE
3150,3149,TRUE
3149,3150,TRUE
2004,3151,TRUE
2522,3151,TRUE
245,3152,TRUE
124,3153,TRUE
142,3153,TRUE
195,3153,TRUE
222,3153,TRUE
1015,3153,TRUE
1016,3153,TRUE
1661,3153,TRUE
1784,3153,TRUE
1822,3153,TRUE
1902,3153,TRUE
2611,3153,TRUE
3061,3153,TRUE
3203,3153,TRUE
551,3154,TRUE
1825,3154,TRUE
1873,3154,TRUE
2681,3154,TRUE
3207,3154,TRUE
1974,3155,TRUE
2001,3155,TRUE
2177,3155,TRUE
3160,3159,TRUE
3205,3159,TRUE
3313,3159,TRUE
49,3160,TRUE
1524,3160,TRUE
2259,3160,TRUE
3159,3160,TRUE
154,3162,TRUE
706,3162,TRUE
1014,3162,TRUE
1364,3162,TRUE
1084,3163,TRUE
1176,3163,TRUE
2902,3163,TRUE
2936,3163,TRUE
1364,3164,TRUE
1397,3164,TRUE
194,3165,TRUE
2743,3165,TRUE
3237,3165,TRUE
1983,3166,TRUE
2933,3166,TRUE
1369,3167,TRUE
2063,3167,TRUE
1486,3170,TRUE
1801,3170,TRUE
3132,3170,TRUE
1332,3171,TRUE
3178,3171,TRUE
1923,3173,TRUE
2416,3173,TRUE
1014,3175,TRUE
1391,3175,TRUE
1288,3177,TRUE
1436,3177,TRUE
2563,3177,TRUE
1332,3178,TRUE
2569,3178,TRUE
3171,3178,TRUE
1600,3180,TRUE
2587,3180,TRUE
236,3182,TRUE
1375,3182,TRUE
1402,3182,TRUE
1860,3182,TRUE
1974,3182,TRUE
2301,3182,TRUE
2418,3182,TRUE
2419,3182,TRUE
2454,3182,TRUE
2801,3182,TRUE
3061,3182,TRUE
360,3185,TRUE
1639,3189,TRUE
323,3190,TRUE
2474,3190,TRUE
193,3193,TRUE
3197,3196,TRUE
3196,3197,TRUE
41,3198,TRUE
2102,3198,TRUE
1014,3199,TRUE
2956,3199,TRUE
208,3200,TRUE
1826,3200,TRUE
195,3203,TRUE
1016,3203,TRUE
1661,3203,TRUE
3153,3203,TRUE
2955,3204,TRUE
2932,3205,TRUE
3159,3205,TRUE
3313,3205,TRUE
2383,3206,TRUE
551,3207,TRUE
1016,3207,TRUE
1823,3207,TRUE
1825,3207,TRUE
3154,3207,TRUE
2030,3210,TRUE
1972,3212,TRUE
2733,3212,TRUE
2936,3212,TRUE
2254,3213,TRUE
2076,3216,TRUE
2077,3216,TRUE
1631,3218,TRUE
37,3219,TRUE
1489,3219,TRUE
2936,3219,TRUE
2158,3220,TRUE
2799,3220,TRUE
3222,3221,TRUE
3221,3222,TRUE
2180,3223,TRUE
3132,3223,TRUE
2241,3224,TRUE
793,3225,TRUE
2244,3225,TRUE
1378,3226,TRUE
1443,3226,TRUE
3228,3227,TRUE
3227,3228,TRUE
3127,3229,TRUE
1729,3231,TRUE
2003,3231,TRUE
2384,3231,TRUE
3232,3231,TRUE
2384,3232,TRUE
3231,3232,TRUE
2250,3235,TRUE
2408,3235,TRUE
2957,3235,TRUE
2757,3236,TRUE
120,3237,TRUE
194,3237,TRUE
1332,3237,TRUE
2743,3237,TRUE
3165,3237,TRUE
1524,3238,TRUE
2241,3238,TRUE
2264,3238,TRUE
2527,3238,TRUE
3898,3238,TRUE
4019,3238,TRUE
2004,3240,TRUE
2267,3240,TRUE
251,3242,TRUE
1344,3242,TRUE
1329,3248,TRUE
318,3249,TRUE
327,3249,TRUE
3254,3249,TRUE
1014,3251,TRUE
3254,3253,TRUE
318,3254,TRUE
2560,3254,TRUE
3249,3254,TRUE
3253,3254,TRUE
428,3256,TRUE
1706,3256,TRUE
2346,3259,TRUE
1159,3262,TRUE
3264,3263,TRUE
3263,3264,TRUE
325,3267,TRUE
776,3267,TRUE
2176,3268,TRUE
1984,3269,TRUE
3472,3269,TRUE
2643,3270,TRUE
1327,3271,TRUE
1237,3273,TRUE
118,3275,TRUE
2346,3276,TRUE
2815,3277,TRUE
1774,3278,TRUE
1571,3280,TRUE
2240,3281,TRUE
2914,3281,TRUE
3282,3281,TRUE
3287,3281,TRUE
3281,3282,TRUE
14,3283,TRUE
1882,3283,TRUE
1721,3284,TRUE
1327,3285,TRUE
2240,3287,TRUE
2914,3287,TRUE
3281,3287,TRUE
2912,3289,TRUE
3529,3290,TRUE
528,3292,TRUE
772,3292,TRUE
2209,3292,TRUE
2220,3292,TRUE
1737,3295,TRUE
3599,3295,TRUE
3600,3295,TRUE
643,3297,TRUE
215,3298,TRUE
178,3299,TRUE
3300,3299,TRUE
178,3300,TRUE
3299,3300,TRUE
2703,3301,TRUE
1587,3302,TRUE
3619,3302,TRUE
125,3304,TRUE
2301,3305,TRUE
3132,3305,TRUE
15,3306,TRUE
1204,3306,TRUE
2723,3307,TRUE
2223,3310,TRUE
459,3311,TRUE
3867,3312,TRUE
3005,3313,TRUE
3159,3313,TRUE
3205,3313,TRUE
584,3315,TRUE
967,3315,TRUE
2959,3315,TRUE
3832,3315,TRUE
1718,3317,TRUE
3516,3317,TRUE
877,3318,TRUE
2269,3318,TRUE
883,3319,TRUE
643,3321,TRUE
3560,3321,TRUE
776,3323,TRUE
1982,3325,TRUE
995,3327,TRUE
384,3328,TRUE
569,3329,TRUE
1713,3330,TRUE
3476,3333,TRUE
1527,3335,TRUE
25,3336,TRUE
43,3336,TRUE
2578,3338,TRUE
3781,3338,TRUE
556,3340,TRUE
2169,3342,TRUE
2876,3344,TRUE
3688,3344,TRUE
1169,3347,TRUE
79,3348,TRUE
3590,3348,TRUE
3598,3352,TRUE
3868,3353,TRUE
1641,3354,TRUE
1832,3354,TRUE
2022,3354,TRUE
2401,3354,TRUE
1888,3355,TRUE
1561,3357,TRUE
1771,3358,TRUE
3797,3359,TRUE
47,3360,TRUE
1561,3361,TRUE
2050,3363,TRUE
3690,3363,TRUE
1723,3368,TRUE
3370,3369,TRUE
3369,3370,TRUE
3740,3374,TRUE
3089,3375,TRUE
53,3384,TRUE
3385,3384,TRUE
53,3385,TRUE
311,3385,TRUE
939,3385,TRUE
1325,3385,TRUE
3384,3385,TRUE
323,3389,TRUE
931,3392,TRUE
92,3398,TRUE
689,3398,TRUE
355,3400,TRUE
2118,3403,TRUE
1229,3405,TRUE
511,3406,TRUE
3905,3412,TRUE
831,3416,TRUE
4,3417,TRUE
1074,3418,TRUE
2354,3418,TRUE
2875,3418,TRUE
640,3422,TRUE
585,3428,TRUE
900,3428,TRUE
1325,3428,TRUE
975,3451,TRUE
1043,3451,TRUE
2427,3451,TRUE
513,3458,TRUE
148,3459,TRUE
1537,3459,TRUE
2338,3459,TRUE
2512,3464,TRUE
2297,3465,TRUE
3809,3465,TRUE
470,3466,TRUE
792,3466,TRUE
1230,3466,TRUE
3597,3467,TRUE
1856,3468,TRUE
2916,3471,TRUE
1984,3472,TRUE
3269,3472,TRUE
330,3473,TRUE
1786,3473,TRUE
3551,3473,TRUE
1801,3474,TRUE
3333,3476,TRUE
1170,3478,TRUE
1359,3478,TRUE
1014,3479,TRUE
3578,3479,TRUE
3579,3479,TRUE
58,3480,TRUE
2975,3480,TRUE
960,3484,TRUE
1124,3484,TRUE
2001,3484,TRUE
1671,3486,TRUE
1683,3486,TRUE
3717,3486,TRUE
3752,3486,TRUE
2331,3487,TRUE
3092,3487,TRUE
194,3488,TRUE
1964,3491,TRUE
2079,3491,TRUE
2016,3492,TRUE
2502,3493,TRUE
2511,3493,TRUE
2390,3494,TRUE
1208,3495,TRUE
853,3496,TRUE
1187,3496,TRUE
1252,3496,TRUE
3874,3496,TRUE
149,3501,TRUE
391,3503,TRUE
732,3503,TRUE
1476,3504,TRUE
2068,3504,TRUE
983,3505,TRUE
1176,3505,TRUE
2600,3507,TRUE
2068,3508,TRUE
2069,3508,TRUE
194,3510,TRUE
1332,3510,TRUE
2054,3510,TRUE
3763,3510,TRUE
3525,3511,TRUE
3513,3512,TRUE
3512,3513,TRUE
1016,3515,TRUE
1718,3516,TRUE
3317,3516,TRUE
3518,3517,TRUE
3517,3518,TRUE
3524,3519,TRUE
2180,3521,TRUE
2991,3521,TRUE
2643,3524,TRUE
3519,3524,TRUE
3511,3525,TRUE
3054,3526,TRUE
2544,3529,TRUE
3290,3529,TRUE
1718,3532,TRUE
3533,3532,TRUE
3532,3533,TRUE
3571,3533,TRUE
2875,3534,TRUE
3567,3534,TRUE
157,3535,TRUE
2152,3538,TRUE
3539,3538,TRUE
2152,3539,TRUE
3538,3539,TRUE
2906,3541,TRUE
2652,3543,TRUE
2102,3544,TRUE
712,3546,TRUE
2072,3547,TRUE
3548,3547,TRUE
3547,3548,TRUE
1892,3549,TRUE
330,3551,TRUE
1786,3551,TRUE
3473,3551,TRUE
877,3552,TRUE
776,3554,TRUE
3556,3555,TRUE
3555,3556,TRUE
2427,3557,TRUE
643,3560,TRUE
3321,3560,TRUE
474,3561,TRUE
423,3563,TRUE
1709,3563,TRUE
1710,3563,TRUE
3588,3563,TRUE
3565,3564,TRUE
3564,3565,TRUE
78,3566,TRUE
2301,3566,TRUE
2875,3567,TRUE
3534,3567,TRUE
2560,3569,TRUE
1181,3570,TRUE
3533,3571,TRUE
983,3575,TRUE
708,3576,TRUE
1307,3576,TRUE
3479,3578,TRUE
3579,3578,TRUE
3479,3579,TRUE
3578,3579,TRUE
3052,3581,TRUE
3583,3582,TRUE
3582,3583,TRUE
110,3585,TRUE
975,3586,TRUE
975,3587,TRUE
3563,3588,TRUE
3348,3590,TRUE
856,3592,TRUE
2068,3593,TRUE
43,3594,TRUE
2376,3594,TRUE
2903,3595,TRUE
3467,3597,TRUE
3352,3598,TRUE
3295,3599,TRUE
3600,3599,TRUE
3295,3600,TRUE
3599,3600,TRUE
2827,3602,TRUE
3101,3602,TRUE
1181,3603,TRUE
2629,3603,TRUE
3120,3604,TRUE
1468,3605,TRUE
2301,3607,TRUE
2912,3608,TRUE
384,3610,TRUE
1515,3612,TRUE
433,3617,TRUE
548,3617,TRUE
2227,3617,TRUE
2289,3617,TRUE
2851,3617,TRUE
528,3618,TRUE
1587,3619,TRUE
3302,3619,TRUE
3621,3620,TRUE
3620,3621,TRUE
3727,3622,TRUE
3751,3625,TRUE
1775,3626,TRUE
3,3627,TRUE
1184,3627,TRUE
2354,3627,TRUE
214,3632,TRUE
1126,3636,TRUE
1751,3636,TRUE
1196,3641,TRUE
3890,3641,TRUE
3891,3641,TRUE
1084,3642,TRUE
1923,3645,TRUE
1924,3645,TRUE
236,3647,TRUE
2301,3647,TRUE
198,3648,TRUE
325,3648,TRUE
1069,3648,TRUE
1546,3651,TRUE
1966,3652,TRUE
2971,3652,TRUE
3064,3652,TRUE
793,3653,TRUE
2236,3653,TRUE
2164,3654,TRUE
56,3655,TRUE
1430,3656,TRUE
1804,3658,TRUE
1142,3659,TRUE
2515,3660,TRUE
2516,3660,TRUE
3858,3660,TRUE
3859,3660,TRUE
528,3665,TRUE
2218,3665,TRUE
2331,3669,TRUE
153,3670,TRUE
669,3670,TRUE
2163,3670,TRUE
2772,3671,TRUE
880,3679,TRUE
2800,3681,TRUE
3684,3683,TRUE
3683,3684,TRUE
384,3686,TRUE
609,3687,TRUE
2147,3688,TRUE
2359,3688,TRUE
2876,3688,TRUE
3344,3688,TRUE
2417,3689,TRUE
2050,3690,TRUE
3363,3690,TRUE
1536,3691,TRUE
1750,3691,TRUE
1186,3693,TRUE
1201,3693,TRUE
3036,3694,TRUE
2218,3697,TRUE
3698,3697,TRUE
2218,3698,TRUE
3697,3698,TRUE
2632,3699,TRUE
2777,3700,TRUE
1184,3702,TRUE
1066,3703,TRUE
2628,3703,TRUE
3704,3703,TRUE
1066,3704,TRUE
2628,3704,TRUE
3703,3704,TRUE
2337,3705,TRUE
1195,3706,TRUE
2591,3706,TRUE
1448,3707,TRUE
2332,3708,TRUE
2337,3708,TRUE
3774,3708,TRUE
3710,3709,TRUE
3709,3710,TRUE
415,3711,TRUE
3034,3712,TRUE
3066,3712,TRUE
1671,3717,TRUE
1683,3717,TRUE
3486,3717,TRUE
1045,3723,TRUE
1184,3724,TRUE
1739,3725,TRUE
3726,3725,TRUE
1739,3726,TRUE
3725,3726,TRUE
3622,3727,TRUE
871,3730,TRUE
22,3732,TRUE
1235,3734,TRUE
3089,3735,TRUE
1463,3736,TRUE
3737,3736,TRUE
3738,3736,TRUE
1463,3737,TRUE
3736,3737,TRUE
3738,3737,TRUE
1463,3738,TRUE
3736,3738,TRUE
3737,3738,TRUE
3374,3740,TRUE
2500,3742,TRUE
1587,3746,TRUE
1385,3747,TRUE
2299,3747,TRUE
2482,3747,TRUE
2657,3747,TRUE
1587,3748,TRUE
1682,3748,TRUE
3750,3749,TRUE
3749,3750,TRUE
3625,3751,TRUE
3486,3752,TRUE
3755,3754,TRUE
3754,3755,TRUE
3757,3756,TRUE
3756,3757,TRUE
3761,3760,TRUE
3760,3761,TRUE
194,3763,TRUE
1332,3763,TRUE
3510,3763,TRUE
608,3767,TRUE
1184,3767,TRUE
2114,3769,TRUE
535,3771,TRUE
1751,3771,TRUE
3708,3774,TRUE
415,3777,TRUE
1753,3777,TRUE
1215,3778,TRUE
2443,3778,TRUE
3779,3778,TRUE
1215,3779,TRUE
2443,3779,TRUE
3778,3779,TRUE
1494,3780,TRUE
2578,3781,TRUE
3338,3781,TRUE
1494,3782,TRUE
2212,3784,TRUE
1074,3785,TRUE
2761,3790,TRUE
1226,3791,TRUE
2683,3791,TRUE
1669,3792,TRUE
1867,3792,TRUE
2508,3793,TRUE
1916,3794,TRUE
2508,3796,TRUE
3359,3797,TRUE
2513,3798,TRUE
3799,3798,TRUE
2513,3799,TRUE
3798,3799,TRUE
1494,3803,TRUE
2297,3805,TRUE
2539,3807,TRUE
2965,3807,TRUE
1258,3808,TRUE
2297,3809,TRUE
3465,3809,TRUE
2789,3814,TRUE
1536,3815,TRUE
3817,3816,TRUE
3818,3816,TRUE
3816,3817,TRUE
3818,3817,TRUE
3816,3818,TRUE
3817,3818,TRUE
2405,3819,TRUE
2644,3823,TRUE
3824,3823,TRUE
3827,3823,TRUE
3823,3824,TRUE
3826,3825,TRUE
3825,3826,TRUE
3823,3827,TRUE
1104,3830,TRUE
2221,3830,TRUE
967,3832,TRUE
2959,3832,TRUE
3315,3832,TRUE
2173,3833,TRUE
157,3835,TRUE
1561,3835,TRUE
1575,3838,TRUE
1494,3839,TRUE
1496,3839,TRUE
459,3840,TRUE
2445,3847,TRUE
2405,3848,TRUE
2749,3849,TRUE
138,3850,TRUE
459,3851,TRUE
1196,3853,TRUE
1234,3853,TRUE
1469,3854,TRUE
2425,3854,TRUE
2439,3854,TRUE
1744,3856,TRUE
2515,3858,TRUE
2516,3858,TRUE
3660,3858,TRUE
3859,3858,TRUE
2515,3859,TRUE
2516,3859,TRUE
3660,3859,TRUE
3858,3859,TRUE
1742,3860,TRUE
1166,3861,TRUE
2886,3863,TRUE
3865,3864,TRUE
3864,3865,TRUE
3312,3867,TRUE
3353,3868,TRUE
3876,3868,TRUE
1534,3869,TRUE
415,3871,TRUE
159,3872,TRUE
3873,3872,TRUE
159,3873,TRUE
3872,3873,TRUE
853,3874,TRUE
1187,3874,TRUE
1252,3874,TRUE
3496,3874,TRUE
325,3875,TRUE
1125,3875,TRUE
1870,3875,TRUE
3868,3876,TRUE
1231,3878,TRUE
2634,3880,TRUE
1589,3881,TRUE
2952,3883,TRUE
415,3885,TRUE
198,3886,TRUE
1069,3886,TRUE
1509,3886,TRUE
2460,3886,TRUE
242,3887,TRUE
2168,3889,TRUE
3641,3890,TRUE
3891,3890,TRUE
3641,3891,TRUE
3890,3891,TRUE
1323,3892,TRUE
2236,3896,TRUE
2527,3898,TRUE
3238,3898,TRUE
2669,3899,TRUE
3412,3905,TRUE
1303,3907,TRUE
3908,3907,TRUE
3907,3908,TRUE
2496,3909,TRUE
2596,3909,TRUE
793,3912,TRUE
2248,3912,TRUE
2236,3913,TRUE
2972,3919,TRUE
1365,3920,TRUE
3921,3920,TRUE
1365,3921,TRUE
3920,3921,TRUE
2004,3924,TRUE
2030,3924,TRUE
2662,3924,TRUE
3926,3925,TRUE
3925,3926,TRUE
120,3932,TRUE
3017,3932,TRUE
3991,3938,TRUE
1299,3941,TRUE
3956,3955,TRUE
3955,3956,TRUE
2933,3959,TRUE
1364,3961,TRUE
1621,3961,TRUE
2636,3961,TRUE
1366,3962,TRUE
215,3968,TRUE
1923,3969,TRUE
3970,3969,TRUE
3984,3969,TRUE
3969,3970,TRUE
1359,3971,TRUE
2553,3971,TRUE
3978,3977,TRUE
3977,3978,TRUE
1405,3979,TRUE
3119,3979,TRUE
1954,3981,TRUE
1376,3982,TRUE
2731,3983,TRUE
3969,3984,TRUE
1963,3986,TRUE
1964,3986,TRUE
2577,3987,TRUE
2746,3987,TRUE
4042,3987,TRUE
135,3990,TRUE
3938,3991,TRUE
278,3992,TRUE
219,3997,TRUE
2618,3998,TRUE
3035,3999,TRUE
4000,3999,TRUE
3035,4000,TRUE
3999,4000,TRUE
1925,4004,TRUE
2103,4005,TRUE
1936,4006,TRUE
2718,4008,TRUE
1403,4009,TRUE
2301,4009,TRUE
56,4013,TRUE
4017,4016,TRUE
4018,4016,TRUE
4016,4017,TRUE
4018,4017,TRUE
4016,4018,TRUE
4017,4018,TRUE
1524,4019,TRUE
2241,4019,TRUE
2264,4019,TRUE
2527,4019,TRUE
3238,4019,TRUE
1311,4024,TRUE
2973,4031,TRUE
2974,4034,TRUE
2577,4042,TRUE
3987,4042,TRUE
4056,4055,TRUE
4055,4056,TRUE
1397,4057,TRUE
